#
# A fatal error has been detected by the Java Runtime Environment:
#
#  EXCEPTION_ACCESS_VIOLATION (0xc0000005) at pc=0x00007ffd447f6587, pid=6556, tid=14992
#
# JRE version: OpenJDK Runtime Environment Corretto-21.0.4.7.1 (21.0.4+7) (build 21.0.4+7-LTS)
# Java VM: OpenJDK 64-Bit Server VM Corretto-21.0.4.7.1 (21.0.4+7-LTS, mixed mode, sharing, tiered, compressed oops, compressed class ptrs, g1 gc, windows-amd64)
# Problematic frame:
# C  [glass.dll+0x26587]
#
# No core dump will be written. Minidumps are not enabled by default on client versions of Windows
#
# If you would like to submit a bug report, please visit:
#   https://github.com/corretto/corretto-21/issues/
#

---------------  S U M M A R Y ------------

Command Line: -javaagent:C:\Program Files\JetBrains\IntelliJ IDEA Community Edition 2024.2.1\lib\idea_rt.jar=49617:C:\Program Files\JetBrains\IntelliJ IDEA Community Edition 2024.2.1\bin -Dfile.encoding=UTF-8 -Dsun.stdout.encoding=UTF-8 -Dsun.stderr.encoding=UTF-8 --module-path=C:\Users\Admin\.m2\repository\org\kordamp\bootstrapfx\bootstrapfx-core\0.4.0\bootstrapfx-core-0.4.0.jar;C:\Users\Admin\.m2\repository\org\kordamp\ikonli\ikonli-core\12.3.1\ikonli-core-12.3.1.jar;C:\Users\Admin\.m2\repository\org\controlsfx\controlsfx\11.1.2\controlsfx-11.1.2.jar;C:\Users\Admin\.m2\repository\org\openjfx\javafx-fxml\21\javafx-fxml-21-win.jar;C:\Users\Admin\.m2\repository\org\json\json\20240303\json-20240303.jar;C:\Users\Admin\.m2\repository\net\synedra\validatorfx\0.4.0\validatorfx-0.4.0.jar;C:\Users\Admin\.m2\repository\com\dlsc\formsfx\formsfx-core\11.6.0\formsfx-core-11.6.0.jar;C:\Users\Admin\.m2\repository\org\openjfx\javafx-controls\21\javafx-controls-21-win.jar;C:\Users\Admin\.m2\repository\org\openjfx\javafx-base\21\javafx-base-21-win.jar;C:\Users\Admin\.m2\repository\org\openjfx\javafx-graphics\21\javafx-graphics-21-win.jar;C:\UET\Librio\Librio\target\classes;C:\Users\Admin\.m2\repository\com\mysql\mysql-connector-j\8.3.0\mysql-connector-j-8.3.0.jar;C:\Users\Admin\.m2\repository\org\kordamp\ikonli\ikonli-javafx\12.3.1\ikonli-javafx-12.3.1.jar -Djdk.module.main=librio librio/librio.HelloApplication

Host: Intel(R) Core(TM) i7-8750H CPU @ 2.20GHz, 12 cores, 15G,  Windows 11 , 64 bit Build 22621 (10.0.22621.4391)
Time: Thu Nov 21 12:23:30 2024 SE Asia Standard Time elapsed time: 1439.465901 seconds (0d 0h 23m 59s)

---------------  T H R E A D  ---------------

Current thread (0x00000197e42fd240):  VMThread "VM Thread"          [id=14992, stack(0x0000002cec300000,0x0000002cec400000) (1024K)]

Stack: [0x0000002cec300000,0x0000002cec400000],  sp=0x0000002cec3fef00,  free space=1019k
Native frames: (J=compiled Java code, j=interpreted, Vv=VM code, C=native code)
C  [glass.dll+0x26587]


siginfo: EXCEPTION_ACCESS_VIOLATION (0xc0000005), reading address 0x0000000000000000


Registers:
RAX=0x0000000000000000, RBX=0x00000197e430793a, RCX=0x00000197e42fd240, RDX=0x0000002cec3fef00
RSP=0x0000002cec3fef00, RBP=0x00000197e96779f8, RSI=0x0000002cec3ff008, RDI=0x00000197e96779d0
R8 =0x0000000000010002, R9 =0x00000197e96779d0, R10=0x85f13e9656da4870, R11=0x0000002cec3fee90
R12=0x00007ffd447f3ed0, R13=0x00007ffd27fae1c0, R14=0x0000697704f8df9c, R15=0x00000197e96779d0
RIP=0x00007ffd447f6587, EFLAGS=0x0000000000010202


Register to memory mapping:

RAX=0x0 is null
RBX=0x00000197e430793a is a global jni handle
RCX=0x00000197e42fd240 points into unknown readable memory: 0x00007ffd27dad8a0 | a0 d8 da 27 fd 7f 00 00
RDX=0x0000002cec3fef00 points into unknown readable memory: 0x0000000000000000 | 00 00 00 00 00 00 00 00
RSP=0x0000002cec3fef00 points into unknown readable memory: 0x0000000000000000 | 00 00 00 00 00 00 00 00
RBP=0x00000197e96779f8 points into unknown readable memory: 0x0000697704f8df9c | 9c df f8 04 77 69 00 00
RSI=0x0000002cec3ff008 points into unknown readable memory: 0x0000002cec3feff0 | f0 ef 3f ec 2c 00 00 00
RDI=0x00000197e96779d0 points into unknown readable memory: 0xd4479ae984f8d863 | 63 d8 f8 84 e9 9a 47 d4
R8 =0x0000000000010002 is an unknown value
R9 =0x00000197e96779d0 points into unknown readable memory: 0xd4479ae984f8d863 | 63 d8 f8 84 e9 9a 47 d4
R10=0x85f13e9656da4870 is an unknown value
R11=0x0000002cec3fee90 points into unknown readable memory: 0x00000197e96779d0 | d0 79 67 e9 97 01 00 00
R12=0x00007ffd447f3ed0 glass.dll
R13=0x00007ffd27fae1c0 jvm.dll
R14=0x0000697704f8df9c is an unknown value
R15=0x00000197e96779d0 points into unknown readable memory: 0xd4479ae984f8d863 | 63 d8 f8 84 e9 9a 47 d4

Top of Stack: (sp=0x0000002cec3fef00)
0x0000002cec3fef00:   0000000000000000 0000002cec3ff008
0x0000002cec3fef10:   00007ffd27fae1c0 00007ffd447f3ed0
0x0000002cec3fef20:   00000197e96779d8 00007ffd4efe3a93
0x0000002cec3fef30:   00000197e96779d0 0000019700000000
0x0000002cec3fef40:   00000197e96779f8 0000002cec3ff008
0x0000002cec3fef50:   fffffffffffffffe 0000000000000000
0x0000002cec3fef60:   0000000000000001 00007ffd447d0000
0x0000002cec3fef70:   0000002cec3feff8 00007ffd4efb042e
0x0000002cec3fef80:   0000000000000000 0000002cec3ff008
0x0000002cec3fef90:   0000002cec3ff2f0 0000000000000001
0x0000002cec3fefa0:   0000000000000001 00007ffd4efadddd
0x0000002cec3fefb0:   0000000000000000 00007ffd447f36c9
0x0000002cec3fefc0:   0000000000000000 0000002cec3feff8
0x0000002cec3fefd0:   fffffffffffffffe 0000002cec3ff200
0x0000002cec3fefe0:   0000000000000000 00007ffd447f3d5d
0x0000002cec3feff0:   00007ffd4480a008 00007ffd00000002
0x0000002cec3ff000:   0000000000000002 0000002cec3feff0
0x0000002cec3ff010:   0000000000000000 00007ffd51cb8af3
0x0000002cec3ff020:   0000000000000000 00007ffd447f3e82
0x0000002cec3ff030:   0000000000000001 00000000000006ec
0x0000002cec3ff040:   0000000000000001 0000000000000000
0x0000002cec3ff050:   0000000000000001 00007ffd50832061
0x0000002cec3ff060:   00007ffd00000001 0000000000000000
0x0000002cec3ff070:   00007ffd447d0000 000000007ffe0384
0x0000002cec3ff080:   0000000000000000 00007ffd51cb8b8f
0x0000002cec3ff090:   00007ffd447d0000 0000000000000000
0x0000002cec3ff0a0:   0000000000000001 000000007ffe0385
0x0000002cec3ff0b0:   00007ffd51dc7940 00007ffd3046c820
0x0000002cec3ff0c0:   00004cb2aaa0e900 00007ffd2f180000
0x0000002cec3ff0d0:   00007ffd447f3ed0 0000000000000000
0x0000002cec3ff0e0:   0000000000000000 0000002ceb661000
0x0000002cec3ff0f0:   00000197e9654420 00007ffd51ce1596 

Instructions: (pc=0x00007ffd447f6587)
0x00007ffd447f6487:   8b 4d 58 e8 8d cf ff ff 48 8b 4d 60 e8 84 cf ff
0x00007ffd447f6497:   ff 48 8b 95 80 00 00 00 48 8b 8d 18 01 00 00 e8
0x00007ffd447f64a7:   76 c4 ff ff 33 d2 33 c9 e8 cc e1 ff ff 90 48 89
0x00007ffd447f64b7:   54 24 10 55 48 83 ec 20 48 8b ea 48 b8 00 00 00
0x00007ffd447f64c7:   00 00 00 00 00 48 83 c4 20 5d c3 cc 40 55 48 8b
0x00007ffd447f64d7:   ea 48 8b 01 33 c9 81 38 05 00 00 c0 0f 94 c1 8b
0x00007ffd447f64e7:   c1 5d c3 cc 40 55 48 83 ec 20 48 8b ea 8a 4d 40
0x00007ffd447f64f7:   48 83 c4 20 5d e9 73 d3 ff ff cc 40 55 48 83 ec
0x00007ffd447f6507:   20 48 8b ea 8a 4d 20 e8 61 d3 ff ff 90 48 83 c4
0x00007ffd447f6517:   20 5d c3 cc 40 55 48 83 ec 20 48 8b ea 48 83 c4
0x00007ffd447f6527:   20 5d e9 c2 d1 ff ff cc 40 55 48 83 ec 30 48 8b
0x00007ffd447f6537:   ea 48 8b 01 8b 10 48 89 4c 24 28 89 54 24 20 4c
0x00007ffd447f6547:   8d 0d 63 d6 ff ff 4c 8b 45 70 8b 55 68 48 8b 4d
0x00007ffd447f6557:   60 e8 03 d1 ff ff 90 48 83 c4 30 5d c3 cc cc cc
0x00007ffd447f6567:   cc cc cc cc cc cc cc cc cc 40 53 48 83 ec 20 48
0x00007ffd447f6577:   8b 1d 8b 34 01 00 48 85 db 74 16 e8 89 8f ff ff
0x00007ffd447f6587:   4c 8b 00 48 8b d3 48 8b c8 41 ff 90 b0 00 00 00
0x00007ffd447f6597:   90 48 83 c4 20 5b c3 cc cc 40 53 48 83 ec 20 48
0x00007ffd447f65a7:   8b 1d fb 35 01 00 48 85 db 74 57 b8 ff ff ff ff
0x00007ffd447f65b7:   f0 0f c1 43 10 83 f8 01 75 3d 48 85 db 74 38 48
0x00007ffd447f65c7:   8b 0b 48 85 c9 74 0d ff 15 d4 0c 00 00 48 c7 03
0x00007ffd447f65d7:   00 00 00 00 48 8b 4b 08 48 85 c9 74 0d e8 33 ce
0x00007ffd447f65e7:   ff ff 48 c7 43 08 00 00 00 00 ba 18 00 00 00 48
0x00007ffd447f65f7:   8b cb e8 1e ce ff ff 48 c7 05 9f 35 01 00 00 00
0x00007ffd447f6607:   00 00 48 83 c4 20 5b c3 cc 40 53 48 83 ec 20 48
0x00007ffd447f6617:   8b 1d 6b 35 01 00 48 85 db 74 57 b8 ff ff ff ff
0x00007ffd447f6627:   f0 0f c1 43 10 83 f8 01 75 3d 48 85 db 74 38 48
0x00007ffd447f6637:   8b 0b 48 85 c9 74 0d ff 15 64 0c 00 00 48 c7 03
0x00007ffd447f6647:   00 00 00 00 48 8b 4b 08 48 85 c9 74 0d e8 c3 cd
0x00007ffd447f6657:   ff ff 48 c7 43 08 00 00 00 00 ba 18 00 00 00 48
0x00007ffd447f6667:   8b cb e8 ae cd ff ff 48 c7 05 0f 35 01 00 00 00
0x00007ffd447f6677:   00 00 48 83 c4 20 5b c3 cc 40 53 48 83 ec 20 48 


Stack slot to memory mapping:

stack at sp + 0 slots: 0x0 is null
stack at sp + 1 slots: 0x0000002cec3ff008 points into unknown readable memory: 0x0000002cec3feff0 | f0 ef 3f ec 2c 00 00 00
stack at sp + 2 slots: 0x00007ffd27fae1c0 jvm.dll
stack at sp + 3 slots: 0x00007ffd447f3ed0 glass.dll
stack at sp + 4 slots: 0x00000197e96779d8 points into unknown readable memory: 0x0000697704f8df9c | 9c df f8 04 77 69 00 00
stack at sp + 5 slots: 0x00007ffd4efe3a93 ucrtbase.dll
stack at sp + 6 slots: 0x00000197e96779d0 points into unknown readable memory: 0xd4479ae984f8d863 | 63 d8 f8 84 e9 9a 47 d4
stack at sp + 7 slots: 0x0000019700000000 is an unknown value

VM_Operation (0x0000002ceeffef30): Exit, mode: safepoint, requested by thread 0x00000197f06d8a00


---------------  P R O C E S S  ---------------

Threads class SMR info:
_java_thread_list=0x00000197ea1e9900, length=24, elements={
0x00000197c52bcc00, 0x00000197e4319140, 0x00000197e4319da0, 0x00000197e4321810,
0x00000197e43243b0, 0x00000197e4328800, 0x00000197e4326c50, 0x00000197e432d640,
0x00000197e4cbc1e0, 0x00000197e95634b0, 0x00000197e94b5920, 0x00000197e96d0520,
0x00000197e97bd1b0, 0x00000197e9691500, 0x00000197e9aad000, 0x00000197e99c3730,
0x00000197e9de1730, 0x00000197e9db2a50, 0x00000197e9db16a0, 0x00000197e9db1010,
0x00000197e9dafc60, 0x00000197e9db23c0, 0x00000197f06dc510, 0x00000197f06d8a00
}

Java Threads: ( => current thread )
  0x00000197c52bcc00 JavaThread "main"                              [_thread_blocked, id=2748, stack(0x0000002cebc00000,0x0000002cebd00000) (1024K)]
  0x00000197e4319140 JavaThread "Reference Handler"          daemon [_thread_blocked, id=24240, stack(0x0000002cec400000,0x0000002cec500000) (1024K)]
  0x00000197e4319da0 JavaThread "Finalizer"                  daemon [_thread_blocked, id=11308, stack(0x0000002cec500000,0x0000002cec600000) (1024K)]
  0x00000197e4321810 JavaThread "Attach Listener"            daemon [_thread_blocked, id=19108, stack(0x0000002cec700000,0x0000002cec800000) (1024K)]
  0x00000197e43243b0 JavaThread "Service Thread"             daemon [_thread_blocked, id=23368, stack(0x0000002cec800000,0x0000002cec900000) (1024K)]
  0x00000197e4328800 JavaThread "Monitor Deflation Thread"   daemon [_thread_blocked, id=20636, stack(0x0000002cec900000,0x0000002ceca00000) (1024K)]
  0x00000197e4326c50 JavaThread "C2 CompilerThread0"         daemon [_thread_blocked, id=12004, stack(0x0000002ceca00000,0x0000002cecb00000) (1024K)]
  0x00000197e432d640 JavaThread "C1 CompilerThread0"         daemon [_thread_blocked, id=12528, stack(0x0000002cecb00000,0x0000002cecc00000) (1024K)]
  0x00000197e4cbc1e0 JavaThread "Common-Cleaner"             daemon [_thread_blocked, id=8104, stack(0x0000002cecc00000,0x0000002cecd00000) (1024K)]
  0x00000197e95634b0 JavaThread "Monitor Ctrl-Break"         daemon [_thread_in_native, id=8304, stack(0x0000002cecf00000,0x0000002ced000000) (1024K)]
  0x00000197e94b5920 JavaThread "Notification Thread"        daemon [_thread_blocked, id=11140, stack(0x0000002ced000000,0x0000002ced100000) (1024K)]
  0x00000197e96d0520 JavaThread "QuantumRenderer-0"          daemon [_thread_blocked, id=16296, stack(0x0000002cecd00000,0x0000002cece00000) (1024K)]
  0x00000197e97bd1b0 JavaThread "InvokeLaterDispatcher"      daemon [_thread_blocked, id=16856, stack(0x0000002ced100000,0x0000002ced200000) (1024K)]
  0x00000197e9691500 JavaThread "JavaFX Application Thread"         [_thread_in_native, id=22520, stack(0x0000002cece00000,0x0000002cecf00000) (1024K)]
  0x00000197e9aad000 JavaThread "Thread-1"                   daemon [_thread_in_native, id=18380, stack(0x0000002ceda00000,0x0000002cedb00000) (1024K)]
  0x00000197e99c3730 JavaThread "JavaFX-Launcher"                   [_thread_blocked, id=3888, stack(0x0000002cedb00000,0x0000002cedc00000) (1024K)]
  0x00000197e9de1730 JavaThread "mysql-cj-abandoned-connection-cleanup" daemon [_thread_blocked, id=10956, stack(0x0000002cedc00000,0x0000002cedd00000) (1024K)]
  0x00000197e9db2a50 JavaThread "Prism Font Disposer"        daemon [_thread_blocked, id=11156, stack(0x0000002cee300000,0x0000002cee400000) (1024K)]
  0x00000197e9db16a0 JavaThread "Cleaner-0"                  daemon [_thread_blocked, id=20036, stack(0x0000002cee200000,0x0000002cee300000) (1024K)]
  0x00000197e9db1010 JavaThread "pool-2-thread-1"                   [_thread_blocked, id=16068, stack(0x0000002cee900000,0x0000002ceea00000) (1024K)]
  0x00000197e9dafc60 JavaThread "pool-4-thread-1"                   [_thread_blocked, id=20024, stack(0x0000002ceb900000,0x0000002ceba00000) (1024K)]
  0x00000197e9db23c0 JavaThread "pool-5-thread-1"                   [_thread_blocked, id=12564, stack(0x0000002ceba00000,0x0000002cebb00000) (1024K)]
  0x00000197f06dc510 JavaThread "pool-6-thread-1"                   [_thread_blocked, id=20824, stack(0x0000002cee600000,0x0000002cee700000) (1024K)]
  0x00000197f06d8a00 JavaThread "SIGINT handler"             daemon [_thread_blocked, id=10484, stack(0x0000002ceef00000,0x0000002cef000000) (1024K)]
Total: 24

Other Threads:
=>0x00000197e42fd240 VMThread "VM Thread"                           [id=14992, stack(0x0000002cec300000,0x0000002cec400000) (1024K)]
  0x00000197c5325080 WorkerThread "GC Thread#0"                     [id=10960, stack(0x0000002cebd00000,0x0000002cebe00000) (1024K)]
  0x00000197e99dbcd0 WorkerThread "GC Thread#1"                     [id=12108, stack(0x0000002ced500000,0x0000002ced600000) (1024K)]
  0x00000197e9a403b0 WorkerThread "GC Thread#2"                     [id=13544, stack(0x0000002ced600000,0x0000002ced700000) (1024K)]
  0x00000197e9a40f60 WorkerThread "GC Thread#3"                     [id=17556, stack(0x0000002ced700000,0x0000002ced800000) (1024K)]
  0x00000197e9a57bf0 WorkerThread "GC Thread#4"                     [id=4344, stack(0x0000002ced800000,0x0000002ced900000) (1024K)]
  0x00000197e9a58fa0 WorkerThread "GC Thread#5"                     [id=7132, stack(0x0000002ced900000,0x0000002ceda00000) (1024K)]
  0x00000197e9a59a80 WorkerThread "GC Thread#6"                     [id=22712, stack(0x0000002cede00000,0x0000002cedf00000) (1024K)]
  0x00000197e9a58860 WorkerThread "GC Thread#7"                     [id=15512, stack(0x0000002cedf00000,0x0000002cee000000) (1024K)]
  0x00000197e9a59340 WorkerThread "GC Thread#8"                     [id=12632, stack(0x0000002cee000000,0x0000002cee100000) (1024K)]
  0x00000197e9a59e20 WorkerThread "GC Thread#9"                     [id=21344, stack(0x0000002cee100000,0x0000002cee200000) (1024K)]
  0x00000197c5336df0 ConcurrentGCThread "G1 Main Marker"            terminated
  0x00000197c53387b0 WorkerThread "G1 Conc#0"                       [id=20960, stack(0x0000002cebf00000,0x0000002cec000000) (1024K)]
  0x00000197ea763100 WorkerThread "G1 Conc#1"                       [id=24012, stack(0x0000002cee700000,0x0000002cee800000) (1024K)]
  0x00000197ea760580 WorkerThread "G1 Conc#2"                       [id=8020, stack(0x0000002cee800000,0x0000002cee900000) (1024K)]
  0x00000197e41b2460 ConcurrentGCThread "G1 Refine#0"               terminated
  0x00000197e41b3d90 ConcurrentGCThread "G1 Service"                terminated
Total: 17

Threads with active compile tasks:
Total: 0

VM state: at safepoint (shutting down)

VM Mutex/Monitor currently owned by a thread:  ([mutex/lock_event])
[0x00007ffd27f862a8] Threads_lock - owner thread: 0x00000197e42fd240
[0x00007ffd27f863a8] Heap_lock - owner thread: 0x00000197f06d8a00

Heap address: 0x0000000703400000, size: 4044 MB, Compressed Oops mode: Zero based, Oop shift amount: 3

CDS archive(s) mapped at: [0x0000019780000000-0x0000019780c90000-0x0000019780c90000), size 13172736, SharedBaseAddress: 0x0000019780000000, ArchiveRelocationMode: 1.
Compressed class space mapped at: 0x0000019781000000-0x00000197c1000000, reserved size: 1073741824
Narrow klass base: 0x0000019780000000, Narrow klass shift: 0, Narrow klass range: 0x100000000

GC Precious Log:
 CardTable entry size: 512
 Card Set container configuration: InlinePtr #cards 4 size 8 Array Of Cards #cards 16 size 48 Howl #buckets 8 coarsen threshold 3686 Howl Bitmap #cards 512 size 80 coarsen threshold 460 Card regions per heap region 1 cards per card region 4096
 CPUs: 12 total, 12 available
 Memory: 16172M
 Large Page Support: Disabled
 NUMA Support: Disabled
 Compressed Oops: Enabled (Zero based)
 Heap Region Size: 2M
 Heap Min Capacity: 8M
 Heap Initial Capacity: 254M
 Heap Max Capacity: 4044M
 Pre-touch: Disabled
 Parallel Workers: 10
 Concurrent Workers: 3
 Concurrent Refinement Workers: 10
 Periodic GC: Disabled

Heap:
 garbage-first heap   total 1017856K, used 721971K [0x0000000703400000, 0x0000000800000000)
  region size 2048K, 54 young (110592K), 5 survivors (10240K)
 Metaspace       used 36402K, committed 36864K, reserved 1114112K
  class space    used 4888K, committed 5120K, reserved 1048576K

Heap Regions: E=young(eden), S=young(survivor), O=old, HS=humongous(starts), HC=humongous(continues), CS=collection set, F=free, TAMS=top-at-mark-start, PB=parsable bottom
|   0|0x0000000703400000, 0x0000000703600000, 0x0000000703600000|100%| O|  |TAMS 0x0000000703400000| PB 0x0000000703400000| Untracked 
|   1|0x0000000703600000, 0x0000000703800000, 0x0000000703800000|100%| O|  |TAMS 0x0000000703600000| PB 0x0000000703600000| Untracked 
|   2|0x0000000703800000, 0x0000000703a00000, 0x0000000703a00000|100%| O|  |TAMS 0x0000000703800000| PB 0x0000000703800000| Untracked 
|   3|0x0000000703a00000, 0x0000000703bbbbf0, 0x0000000703c00000| 86%| O|  |TAMS 0x0000000703a00000| PB 0x0000000703a00000| Untracked 
|   4|0x0000000703c00000, 0x0000000703e00000, 0x0000000703e00000|100%| O|  |TAMS 0x0000000703c00000| PB 0x0000000703c00000| Untracked 
|   5|0x0000000703e00000, 0x0000000704000000, 0x0000000704000000|100%|HS|  |TAMS 0x0000000703e00000| PB 0x0000000703e00000| Complete 
|   6|0x0000000704000000, 0x0000000704200000, 0x0000000704200000|100%|HS|  |TAMS 0x0000000704000000| PB 0x0000000704000000| Complete 
|   7|0x0000000704200000, 0x0000000704400000, 0x0000000704400000|100%|HS|  |TAMS 0x0000000704200000| PB 0x0000000704200000| Complete 
|   8|0x0000000704400000, 0x0000000704600000, 0x0000000704600000|100%| O|  |TAMS 0x0000000704400000| PB 0x0000000704400000| Untracked 
|   9|0x0000000704600000, 0x0000000704800000, 0x0000000704800000|100%|HS|  |TAMS 0x0000000704600000| PB 0x0000000704600000| Complete 
|  10|0x0000000704800000, 0x0000000704a00000, 0x0000000704a00000|100%|HC|  |TAMS 0x0000000704800000| PB 0x0000000704800000| Complete 
|  11|0x0000000704a00000, 0x0000000704c00000, 0x0000000704c00000|100%| O|  |TAMS 0x0000000704a00000| PB 0x0000000704a00000| Untracked 
|  12|0x0000000704c00000, 0x0000000704e00000, 0x0000000704e00000|100%|HS|  |TAMS 0x0000000704c00000| PB 0x0000000704c00000| Complete 
|  13|0x0000000704e00000, 0x0000000705000000, 0x0000000705000000|100%| O|  |TAMS 0x0000000704e00000| PB 0x0000000704e00000| Untracked 
|  14|0x0000000705000000, 0x0000000705200000, 0x0000000705200000|100%|HS|  |TAMS 0x0000000705000000| PB 0x0000000705000000| Complete 
|  15|0x0000000705200000, 0x0000000705400000, 0x0000000705400000|100%|HS|  |TAMS 0x0000000705200000| PB 0x0000000705200000| Complete 
|  16|0x0000000705400000, 0x0000000705600000, 0x0000000705600000|100%|HC|  |TAMS 0x0000000705400000| PB 0x0000000705400000| Complete 
|  17|0x0000000705600000, 0x0000000705800000, 0x0000000705800000|100%|HC|  |TAMS 0x0000000705600000| PB 0x0000000705600000| Complete 
|  18|0x0000000705800000, 0x0000000705a00000, 0x0000000705a00000|100%|HS|  |TAMS 0x0000000705800000| PB 0x0000000705800000| Complete 
|  19|0x0000000705a00000, 0x0000000705c00000, 0x0000000705c00000|100%|HC|  |TAMS 0x0000000705a00000| PB 0x0000000705a00000| Complete 
|  20|0x0000000705c00000, 0x0000000705e00000, 0x0000000705e00000|100%|HS|  |TAMS 0x0000000705c00000| PB 0x0000000705c00000| Complete 
|  21|0x0000000705e00000, 0x0000000706000000, 0x0000000706000000|100%|HS|  |TAMS 0x0000000705e00000| PB 0x0000000705e00000| Complete 
|  22|0x0000000706000000, 0x0000000706200000, 0x0000000706200000|100%|HS|  |TAMS 0x0000000706000000| PB 0x0000000706000000| Complete 
|  23|0x0000000706200000, 0x0000000706400000, 0x0000000706400000|100%|HC|  |TAMS 0x0000000706200000| PB 0x0000000706200000| Complete 
|  24|0x0000000706400000, 0x0000000706600000, 0x0000000706600000|100%|HS|  |TAMS 0x0000000706400000| PB 0x0000000706400000| Complete 
|  25|0x0000000706600000, 0x0000000706800000, 0x0000000706800000|100%|HS|  |TAMS 0x0000000706600000| PB 0x0000000706600000| Complete 
|  26|0x0000000706800000, 0x0000000706a00000, 0x0000000706a00000|100%|HS|  |TAMS 0x0000000706800000| PB 0x0000000706800000| Complete 
|  27|0x0000000706a00000, 0x0000000706c00000, 0x0000000706c00000|100%|HC|  |TAMS 0x0000000706a00000| PB 0x0000000706a00000| Complete 
|  28|0x0000000706c00000, 0x0000000706e00000, 0x0000000706e00000|100%|HC|  |TAMS 0x0000000706c00000| PB 0x0000000706c00000| Complete 
|  29|0x0000000706e00000, 0x0000000707000000, 0x0000000707000000|100%|HS|  |TAMS 0x0000000706e00000| PB 0x0000000706e00000| Complete 
|  30|0x0000000707000000, 0x0000000707200000, 0x0000000707200000|100%|HS|  |TAMS 0x0000000707000000| PB 0x0000000707000000| Complete 
|  31|0x0000000707200000, 0x0000000707400000, 0x0000000707400000|100%|HS|  |TAMS 0x0000000707200000| PB 0x0000000707200000| Complete 
|  32|0x0000000707400000, 0x0000000707600000, 0x0000000707600000|100%|HS|  |TAMS 0x0000000707400000| PB 0x0000000707400000| Complete 
|  33|0x0000000707600000, 0x0000000707800000, 0x0000000707800000|100%|HC|  |TAMS 0x0000000707600000| PB 0x0000000707600000| Complete 
|  34|0x0000000707800000, 0x0000000707a00000, 0x0000000707a00000|100%|HC|  |TAMS 0x0000000707800000| PB 0x0000000707800000| Complete 
|  35|0x0000000707a00000, 0x0000000707c00000, 0x0000000707c00000|100%|HS|  |TAMS 0x0000000707a00000| PB 0x0000000707a00000| Complete 
|  36|0x0000000707c00000, 0x0000000707e00000, 0x0000000707e00000|100%|HS|  |TAMS 0x0000000707c00000| PB 0x0000000707c00000| Complete 
|  37|0x0000000707e00000, 0x0000000708000000, 0x0000000708000000|100%| O|  |TAMS 0x0000000707e00000| PB 0x0000000707e00000| Untracked 
|  38|0x0000000708000000, 0x0000000708200000, 0x0000000708200000|100%| O|  |TAMS 0x0000000708000000| PB 0x0000000708000000| Untracked 
|  39|0x0000000708200000, 0x0000000708400000, 0x0000000708400000|100%|HS|  |TAMS 0x0000000708200000| PB 0x0000000708200000| Complete 
|  40|0x0000000708400000, 0x0000000708600000, 0x0000000708600000|100%|HS|  |TAMS 0x0000000708400000| PB 0x0000000708400000| Complete 
|  41|0x0000000708600000, 0x0000000708800000, 0x0000000708800000|100%|HS|  |TAMS 0x0000000708600000| PB 0x0000000708600000| Complete 
|  42|0x0000000708800000, 0x0000000708a00000, 0x0000000708a00000|100%|HS|  |TAMS 0x0000000708800000| PB 0x0000000708800000| Complete 
|  43|0x0000000708a00000, 0x0000000708c00000, 0x0000000708c00000|100%|HS|  |TAMS 0x0000000708a00000| PB 0x0000000708a00000| Complete 
|  44|0x0000000708c00000, 0x0000000708e00000, 0x0000000708e00000|100%|HS|  |TAMS 0x0000000708c00000| PB 0x0000000708c00000| Complete 
|  45|0x0000000708e00000, 0x0000000709000000, 0x0000000709000000|100%|HS|  |TAMS 0x0000000708e00000| PB 0x0000000708e00000| Complete 
|  46|0x0000000709000000, 0x0000000709200000, 0x0000000709200000|100%|HS|  |TAMS 0x0000000709000000| PB 0x0000000709000000| Complete 
|  47|0x0000000709200000, 0x0000000709400000, 0x0000000709400000|100%|HS|  |TAMS 0x0000000709200000| PB 0x0000000709200000| Complete 
|  48|0x0000000709400000, 0x0000000709600000, 0x0000000709600000|100%|HS|  |TAMS 0x0000000709400000| PB 0x0000000709400000| Complete 
|  49|0x0000000709600000, 0x0000000709800000, 0x0000000709800000|100%|HS|  |TAMS 0x0000000709600000| PB 0x0000000709600000| Complete 
|  50|0x0000000709800000, 0x0000000709a00000, 0x0000000709a00000|100%|HS|  |TAMS 0x0000000709800000| PB 0x0000000709800000| Complete 
|  51|0x0000000709a00000, 0x0000000709c00000, 0x0000000709c00000|100%|HS|  |TAMS 0x0000000709a00000| PB 0x0000000709a00000| Complete 
|  52|0x0000000709c00000, 0x0000000709e00000, 0x0000000709e00000|100%|HS|  |TAMS 0x0000000709c00000| PB 0x0000000709c00000| Complete 
|  53|0x0000000709e00000, 0x000000070a000000, 0x000000070a000000|100%|HS|  |TAMS 0x0000000709e00000| PB 0x0000000709e00000| Complete 
|  54|0x000000070a000000, 0x000000070a200000, 0x000000070a200000|100%|HS|  |TAMS 0x000000070a000000| PB 0x000000070a000000| Complete 
|  55|0x000000070a200000, 0x000000070a400000, 0x000000070a400000|100%|HS|  |TAMS 0x000000070a200000| PB 0x000000070a200000| Complete 
|  56|0x000000070a400000, 0x000000070a600000, 0x000000070a600000|100%|HS|  |TAMS 0x000000070a400000| PB 0x000000070a400000| Complete 
|  57|0x000000070a600000, 0x000000070a800000, 0x000000070a800000|100%|HS|  |TAMS 0x000000070a600000| PB 0x000000070a600000| Complete 
|  58|0x000000070a800000, 0x000000070aa00000, 0x000000070aa00000|100%|HS|  |TAMS 0x000000070a800000| PB 0x000000070a800000| Complete 
|  59|0x000000070aa00000, 0x000000070ac00000, 0x000000070ac00000|100%|HS|  |TAMS 0x000000070aa00000| PB 0x000000070aa00000| Complete 
|  60|0x000000070ac00000, 0x000000070ae00000, 0x000000070ae00000|100%|HS|  |TAMS 0x000000070ac00000| PB 0x000000070ac00000| Complete 
|  61|0x000000070ae00000, 0x000000070b000000, 0x000000070b000000|100%|HS|  |TAMS 0x000000070ae00000| PB 0x000000070ae00000| Complete 
|  62|0x000000070b000000, 0x000000070b200000, 0x000000070b200000|100%|HS|  |TAMS 0x000000070b000000| PB 0x000000070b000000| Complete 
|  63|0x000000070b200000, 0x000000070b400000, 0x000000070b400000|100%|HS|  |TAMS 0x000000070b200000| PB 0x000000070b200000| Complete 
|  64|0x000000070b400000, 0x000000070b600000, 0x000000070b600000|100%|HS|  |TAMS 0x000000070b400000| PB 0x000000070b400000| Complete 
|  65|0x000000070b600000, 0x000000070b800000, 0x000000070b800000|100%|HS|  |TAMS 0x000000070b600000| PB 0x000000070b600000| Complete 
|  66|0x000000070b800000, 0x000000070ba00000, 0x000000070ba00000|100%|HS|  |TAMS 0x000000070b800000| PB 0x000000070b800000| Complete 
|  67|0x000000070ba00000, 0x000000070bc00000, 0x000000070bc00000|100%|HS|  |TAMS 0x000000070ba00000| PB 0x000000070ba00000| Complete 
|  68|0x000000070bc00000, 0x000000070be00000, 0x000000070be00000|100%|HS|  |TAMS 0x000000070bc00000| PB 0x000000070bc00000| Complete 
|  69|0x000000070be00000, 0x000000070c000000, 0x000000070c000000|100%|HS|  |TAMS 0x000000070be00000| PB 0x000000070be00000| Complete 
|  70|0x000000070c000000, 0x000000070c200000, 0x000000070c200000|100%|HS|  |TAMS 0x000000070c000000| PB 0x000000070c000000| Complete 
|  71|0x000000070c200000, 0x000000070c400000, 0x000000070c400000|100%|HS|  |TAMS 0x000000070c200000| PB 0x000000070c200000| Complete 
|  72|0x000000070c400000, 0x000000070c600000, 0x000000070c600000|100%|HS|  |TAMS 0x000000070c400000| PB 0x000000070c400000| Complete 
|  73|0x000000070c600000, 0x000000070c800000, 0x000000070c800000|100%|HS|  |TAMS 0x000000070c600000| PB 0x000000070c600000| Complete 
|  74|0x000000070c800000, 0x000000070ca00000, 0x000000070ca00000|100%|HS|  |TAMS 0x000000070c800000| PB 0x000000070c800000| Complete 
|  75|0x000000070ca00000, 0x000000070cc00000, 0x000000070cc00000|100%|HS|  |TAMS 0x000000070ca00000| PB 0x000000070ca00000| Complete 
|  76|0x000000070cc00000, 0x000000070ce00000, 0x000000070ce00000|100%|HS|  |TAMS 0x000000070cc00000| PB 0x000000070cc00000| Complete 
|  77|0x000000070ce00000, 0x000000070d000000, 0x000000070d000000|100%|HS|  |TAMS 0x000000070ce00000| PB 0x000000070ce00000| Complete 
|  78|0x000000070d000000, 0x000000070d200000, 0x000000070d200000|100%|HS|  |TAMS 0x000000070d000000| PB 0x000000070d000000| Complete 
|  79|0x000000070d200000, 0x000000070d400000, 0x000000070d400000|100%|HS|  |TAMS 0x000000070d200000| PB 0x000000070d200000| Complete 
|  80|0x000000070d400000, 0x000000070d600000, 0x000000070d600000|100%|HS|  |TAMS 0x000000070d400000| PB 0x000000070d400000| Complete 
|  81|0x000000070d600000, 0x000000070d800000, 0x000000070d800000|100%|HS|  |TAMS 0x000000070d600000| PB 0x000000070d600000| Complete 
|  82|0x000000070d800000, 0x000000070da00000, 0x000000070da00000|100%|HS|  |TAMS 0x000000070d800000| PB 0x000000070d800000| Complete 
|  83|0x000000070da00000, 0x000000070dc00000, 0x000000070dc00000|100%|HS|  |TAMS 0x000000070da00000| PB 0x000000070da00000| Complete 
|  84|0x000000070dc00000, 0x000000070de00000, 0x000000070de00000|100%|HS|  |TAMS 0x000000070dc00000| PB 0x000000070dc00000| Complete 
|  85|0x000000070de00000, 0x000000070e000000, 0x000000070e000000|100%|HS|  |TAMS 0x000000070de00000| PB 0x000000070de00000| Complete 
|  86|0x000000070e000000, 0x000000070e200000, 0x000000070e200000|100%|HS|  |TAMS 0x000000070e000000| PB 0x000000070e000000| Complete 
|  87|0x000000070e200000, 0x000000070e400000, 0x000000070e400000|100%|HS|  |TAMS 0x000000070e200000| PB 0x000000070e200000| Complete 
|  88|0x000000070e400000, 0x000000070e600000, 0x000000070e600000|100%|HS|  |TAMS 0x000000070e400000| PB 0x000000070e400000| Complete 
|  89|0x000000070e600000, 0x000000070e800000, 0x000000070e800000|100%|HS|  |TAMS 0x000000070e600000| PB 0x000000070e600000| Complete 
|  90|0x000000070e800000, 0x000000070ea00000, 0x000000070ea00000|100%|HS|  |TAMS 0x000000070e800000| PB 0x000000070e800000| Complete 
|  91|0x000000070ea00000, 0x000000070ec00000, 0x000000070ec00000|100%|HS|  |TAMS 0x000000070ea00000| PB 0x000000070ea00000| Complete 
|  92|0x000000070ec00000, 0x000000070ee00000, 0x000000070ee00000|100%|HS|  |TAMS 0x000000070ec00000| PB 0x000000070ec00000| Complete 
|  93|0x000000070ee00000, 0x000000070f000000, 0x000000070f000000|100%|HS|  |TAMS 0x000000070ee00000| PB 0x000000070ee00000| Complete 
|  94|0x000000070f000000, 0x000000070f200000, 0x000000070f200000|100%|HS|  |TAMS 0x000000070f000000| PB 0x000000070f000000| Complete 
|  95|0x000000070f200000, 0x000000070f400000, 0x000000070f400000|100%|HS|  |TAMS 0x000000070f200000| PB 0x000000070f200000| Complete 
|  96|0x000000070f400000, 0x000000070f600000, 0x000000070f600000|100%|HS|  |TAMS 0x000000070f400000| PB 0x000000070f400000| Complete 
|  97|0x000000070f600000, 0x000000070f800000, 0x000000070f800000|100%|HS|  |TAMS 0x000000070f600000| PB 0x000000070f600000| Complete 
|  98|0x000000070f800000, 0x000000070fa00000, 0x000000070fa00000|100%|HS|  |TAMS 0x000000070f800000| PB 0x000000070f800000| Complete 
|  99|0x000000070fa00000, 0x000000070fc00000, 0x000000070fc00000|100%|HS|  |TAMS 0x000000070fa00000| PB 0x000000070fa00000| Complete 
| 100|0x000000070fc00000, 0x000000070fe00000, 0x000000070fe00000|100%|HS|  |TAMS 0x000000070fc00000| PB 0x000000070fc00000| Complete 
| 101|0x000000070fe00000, 0x0000000710000000, 0x0000000710000000|100%|HS|  |TAMS 0x000000070fe00000| PB 0x000000070fe00000| Complete 
| 102|0x0000000710000000, 0x0000000710200000, 0x0000000710200000|100%|HS|  |TAMS 0x0000000710000000| PB 0x0000000710000000| Complete 
| 103|0x0000000710200000, 0x0000000710400000, 0x0000000710400000|100%|HS|  |TAMS 0x0000000710200000| PB 0x0000000710200000| Complete 
| 104|0x0000000710400000, 0x0000000710600000, 0x0000000710600000|100%|HS|  |TAMS 0x0000000710400000| PB 0x0000000710400000| Complete 
| 105|0x0000000710600000, 0x0000000710800000, 0x0000000710800000|100%|HS|  |TAMS 0x0000000710600000| PB 0x0000000710600000| Complete 
| 106|0x0000000710800000, 0x0000000710a00000, 0x0000000710a00000|100%|HS|  |TAMS 0x0000000710800000| PB 0x0000000710800000| Complete 
| 107|0x0000000710a00000, 0x0000000710c00000, 0x0000000710c00000|100%|HS|  |TAMS 0x0000000710a00000| PB 0x0000000710a00000| Complete 
| 108|0x0000000710c00000, 0x0000000710e00000, 0x0000000710e00000|100%|HS|  |TAMS 0x0000000710c00000| PB 0x0000000710c00000| Complete 
| 109|0x0000000710e00000, 0x0000000711000000, 0x0000000711000000|100%|HS|  |TAMS 0x0000000710e00000| PB 0x0000000710e00000| Complete 
| 110|0x0000000711000000, 0x0000000711200000, 0x0000000711200000|100%|HS|  |TAMS 0x0000000711000000| PB 0x0000000711000000| Complete 
| 111|0x0000000711200000, 0x0000000711400000, 0x0000000711400000|100%|HS|  |TAMS 0x0000000711200000| PB 0x0000000711200000| Complete 
| 112|0x0000000711400000, 0x0000000711600000, 0x0000000711600000|100%|HS|  |TAMS 0x0000000711400000| PB 0x0000000711400000| Complete 
| 113|0x0000000711600000, 0x0000000711800000, 0x0000000711800000|100%|HS|  |TAMS 0x0000000711600000| PB 0x0000000711600000| Complete 
| 114|0x0000000711800000, 0x0000000711a00000, 0x0000000711a00000|100%|HS|  |TAMS 0x0000000711800000| PB 0x0000000711800000| Complete 
| 115|0x0000000711a00000, 0x0000000711c00000, 0x0000000711c00000|100%|HS|  |TAMS 0x0000000711a00000| PB 0x0000000711a00000| Complete 
| 116|0x0000000711c00000, 0x0000000711e00000, 0x0000000711e00000|100%|HS|  |TAMS 0x0000000711c00000| PB 0x0000000711c00000| Complete 
| 117|0x0000000711e00000, 0x0000000712000000, 0x0000000712000000|100%|HS|  |TAMS 0x0000000711e00000| PB 0x0000000711e00000| Complete 
| 118|0x0000000712000000, 0x0000000712200000, 0x0000000712200000|100%|HS|  |TAMS 0x0000000712000000| PB 0x0000000712000000| Complete 
| 119|0x0000000712200000, 0x0000000712400000, 0x0000000712400000|100%|HS|  |TAMS 0x0000000712200000| PB 0x0000000712200000| Complete 
| 120|0x0000000712400000, 0x0000000712600000, 0x0000000712600000|100%|HS|  |TAMS 0x0000000712400000| PB 0x0000000712400000| Complete 
| 121|0x0000000712600000, 0x0000000712800000, 0x0000000712800000|100%|HS|  |TAMS 0x0000000712600000| PB 0x0000000712600000| Complete 
| 122|0x0000000712800000, 0x0000000712a00000, 0x0000000712a00000|100%|HS|  |TAMS 0x0000000712800000| PB 0x0000000712800000| Complete 
| 123|0x0000000712a00000, 0x0000000712c00000, 0x0000000712c00000|100%|HS|  |TAMS 0x0000000712a00000| PB 0x0000000712a00000| Complete 
| 124|0x0000000712c00000, 0x0000000712e00000, 0x0000000712e00000|100%|HS|  |TAMS 0x0000000712c00000| PB 0x0000000712c00000| Complete 
| 125|0x0000000712e00000, 0x0000000713000000, 0x0000000713000000|100%|HS|  |TAMS 0x0000000712e00000| PB 0x0000000712e00000| Complete 
| 126|0x0000000713000000, 0x0000000713200000, 0x0000000713200000|100%|HS|  |TAMS 0x0000000713000000| PB 0x0000000713000000| Complete 
| 127|0x0000000713200000, 0x0000000713400000, 0x0000000713400000|100%|HS|  |TAMS 0x0000000713200000| PB 0x0000000713200000| Complete 
| 128|0x0000000713400000, 0x0000000713600000, 0x0000000713600000|100%|HS|  |TAMS 0x0000000713400000| PB 0x0000000713400000| Complete 
| 129|0x0000000713600000, 0x0000000713800000, 0x0000000713800000|100%|HS|  |TAMS 0x0000000713600000| PB 0x0000000713600000| Complete 
| 130|0x0000000713800000, 0x0000000713a00000, 0x0000000713a00000|100%|HS|  |TAMS 0x0000000713800000| PB 0x0000000713800000| Complete 
| 131|0x0000000713a00000, 0x0000000713c00000, 0x0000000713c00000|100%| O|  |TAMS 0x0000000713a00000| PB 0x0000000713a00000| Untracked 
| 132|0x0000000713c00000, 0x0000000713e00000, 0x0000000713e00000|100%|HS|  |TAMS 0x0000000713c00000| PB 0x0000000713c00000| Complete 
| 133|0x0000000713e00000, 0x0000000714000000, 0x0000000714000000|100%|HS|  |TAMS 0x0000000713e00000| PB 0x0000000713e00000| Complete 
| 134|0x0000000714000000, 0x0000000714200000, 0x0000000714200000|100%|HS|  |TAMS 0x0000000714000000| PB 0x0000000714000000| Complete 
| 135|0x0000000714200000, 0x0000000714400000, 0x0000000714400000|100%|HS|  |TAMS 0x0000000714200000| PB 0x0000000714200000| Complete 
| 136|0x0000000714400000, 0x0000000714600000, 0x0000000714600000|100%|HS|  |TAMS 0x0000000714400000| PB 0x0000000714400000| Complete 
| 137|0x0000000714600000, 0x0000000714800000, 0x0000000714800000|100%|HS|  |TAMS 0x0000000714600000| PB 0x0000000714600000| Complete 
| 138|0x0000000714800000, 0x0000000714a00000, 0x0000000714a00000|100%|HS|  |TAMS 0x0000000714800000| PB 0x0000000714800000| Complete 
| 139|0x0000000714a00000, 0x0000000714c00000, 0x0000000714c00000|100%|HS|  |TAMS 0x0000000714a00000| PB 0x0000000714a00000| Complete 
| 140|0x0000000714c00000, 0x0000000714e00000, 0x0000000714e00000|100%|HS|  |TAMS 0x0000000714c00000| PB 0x0000000714c00000| Complete 
| 141|0x0000000714e00000, 0x0000000715000000, 0x0000000715000000|100%|HS|  |TAMS 0x0000000714e00000| PB 0x0000000714e00000| Complete 
| 142|0x0000000715000000, 0x0000000715200000, 0x0000000715200000|100%|HS|  |TAMS 0x0000000715000000| PB 0x0000000715000000| Complete 
| 143|0x0000000715200000, 0x0000000715400000, 0x0000000715400000|100%|HS|  |TAMS 0x0000000715200000| PB 0x0000000715200000| Complete 
| 144|0x0000000715400000, 0x0000000715600000, 0x0000000715600000|100%|HS|  |TAMS 0x0000000715400000| PB 0x0000000715400000| Complete 
| 145|0x0000000715600000, 0x0000000715800000, 0x0000000715800000|100%|HS|  |TAMS 0x0000000715600000| PB 0x0000000715600000| Complete 
| 146|0x0000000715800000, 0x0000000715a00000, 0x0000000715a00000|100%|HS|  |TAMS 0x0000000715800000| PB 0x0000000715800000| Complete 
| 147|0x0000000715a00000, 0x0000000715c00000, 0x0000000715c00000|100%|HS|  |TAMS 0x0000000715a00000| PB 0x0000000715a00000| Complete 
| 148|0x0000000715c00000, 0x0000000715e00000, 0x0000000715e00000|100%|HS|  |TAMS 0x0000000715c00000| PB 0x0000000715c00000| Complete 
| 149|0x0000000715e00000, 0x0000000716000000, 0x0000000716000000|100%|HS|  |TAMS 0x0000000715e00000| PB 0x0000000715e00000| Complete 
| 150|0x0000000716000000, 0x0000000716200000, 0x0000000716200000|100%|HS|  |TAMS 0x0000000716000000| PB 0x0000000716000000| Complete 
| 151|0x0000000716200000, 0x0000000716400000, 0x0000000716400000|100%| O|  |TAMS 0x0000000716200000| PB 0x0000000716200000| Untracked 
| 152|0x0000000716400000, 0x0000000716600000, 0x0000000716600000|100%|HS|  |TAMS 0x0000000716400000| PB 0x0000000716400000| Complete 
| 153|0x0000000716600000, 0x0000000716800000, 0x0000000716800000|100%|HS|  |TAMS 0x0000000716600000| PB 0x0000000716600000| Complete 
| 154|0x0000000716800000, 0x0000000716a00000, 0x0000000716a00000|100%|HC|  |TAMS 0x0000000716800000| PB 0x0000000716800000| Complete 
| 155|0x0000000716a00000, 0x0000000716c00000, 0x0000000716c00000|100%|HS|  |TAMS 0x0000000716a00000| PB 0x0000000716a00000| Complete 
| 156|0x0000000716c00000, 0x0000000716e00000, 0x0000000716e00000|100%|HS|  |TAMS 0x0000000716c00000| PB 0x0000000716c00000| Complete 
| 157|0x0000000716e00000, 0x0000000717000000, 0x0000000717000000|100%|HC|  |TAMS 0x0000000716e00000| PB 0x0000000716e00000| Complete 
| 158|0x0000000717000000, 0x0000000717200000, 0x0000000717200000|100%|HS|  |TAMS 0x0000000717000000| PB 0x0000000717000000| Complete 
| 159|0x0000000717200000, 0x0000000717400000, 0x0000000717400000|100%|HS|  |TAMS 0x0000000717200000| PB 0x0000000717200000| Complete 
| 160|0x0000000717400000, 0x0000000717600000, 0x0000000717600000|100%|HC|  |TAMS 0x0000000717400000| PB 0x0000000717400000| Complete 
| 161|0x0000000717600000, 0x0000000717800000, 0x0000000717800000|100%|HC|  |TAMS 0x0000000717600000| PB 0x0000000717600000| Complete 
| 162|0x0000000717800000, 0x0000000717a00000, 0x0000000717a00000|100%|HS|  |TAMS 0x0000000717800000| PB 0x0000000717800000| Complete 
| 163|0x0000000717a00000, 0x0000000717c00000, 0x0000000717c00000|100%|HC|  |TAMS 0x0000000717a00000| PB 0x0000000717a00000| Complete 
| 164|0x0000000717c00000, 0x0000000717e00000, 0x0000000717e00000|100%|HC|  |TAMS 0x0000000717c00000| PB 0x0000000717c00000| Complete 
| 165|0x0000000717e00000, 0x0000000718000000, 0x0000000718000000|100%|HS|  |TAMS 0x0000000717e00000| PB 0x0000000717e00000| Complete 
| 166|0x0000000718000000, 0x0000000718200000, 0x0000000718200000|100%|HC|  |TAMS 0x0000000718000000| PB 0x0000000718000000| Complete 
| 167|0x0000000718200000, 0x0000000718400000, 0x0000000718400000|100%|HC|  |TAMS 0x0000000718200000| PB 0x0000000718200000| Complete 
| 168|0x0000000718400000, 0x0000000718600000, 0x0000000718600000|100%|HS|  |TAMS 0x0000000718400000| PB 0x0000000718400000| Complete 
| 169|0x0000000718600000, 0x0000000718800000, 0x0000000718800000|100%|HC|  |TAMS 0x0000000718600000| PB 0x0000000718600000| Complete 
| 170|0x0000000718800000, 0x0000000718a00000, 0x0000000718a00000|100%|HS|  |TAMS 0x0000000718800000| PB 0x0000000718800000| Complete 
| 171|0x0000000718a00000, 0x0000000718c00000, 0x0000000718c00000|100%| O|  |TAMS 0x0000000718a00000| PB 0x0000000718a00000| Untracked 
| 172|0x0000000718c00000, 0x0000000718e00000, 0x0000000718e00000|100%|HS|  |TAMS 0x0000000718c00000| PB 0x0000000718c00000| Complete 
| 173|0x0000000718e00000, 0x0000000719000000, 0x0000000719000000|100%|HS|  |TAMS 0x0000000718e00000| PB 0x0000000718e00000| Complete 
| 174|0x0000000719000000, 0x0000000719200000, 0x0000000719200000|100%|HS|  |TAMS 0x0000000719000000| PB 0x0000000719000000| Complete 
| 175|0x0000000719200000, 0x0000000719400000, 0x0000000719400000|100%|HS|  |TAMS 0x0000000719200000| PB 0x0000000719200000| Complete 
| 176|0x0000000719400000, 0x0000000719600000, 0x0000000719600000|100%|HS|  |TAMS 0x0000000719400000| PB 0x0000000719400000| Complete 
| 177|0x0000000719600000, 0x0000000719800000, 0x0000000719800000|100%|HS|  |TAMS 0x0000000719600000| PB 0x0000000719600000| Complete 
| 178|0x0000000719800000, 0x0000000719a00000, 0x0000000719a00000|100%|HS|  |TAMS 0x0000000719800000| PB 0x0000000719800000| Complete 
| 179|0x0000000719a00000, 0x0000000719c00000, 0x0000000719c00000|100%| O|  |TAMS 0x0000000719a00000| PB 0x0000000719a00000| Untracked 
| 180|0x0000000719c00000, 0x0000000719e00000, 0x0000000719e00000|100%|HS|  |TAMS 0x0000000719c00000| PB 0x0000000719c00000| Complete 
| 181|0x0000000719e00000, 0x000000071a000000, 0x000000071a000000|100%|HS|  |TAMS 0x0000000719e00000| PB 0x0000000719e00000| Complete 
| 182|0x000000071a000000, 0x000000071a200000, 0x000000071a200000|100%|HS|  |TAMS 0x000000071a000000| PB 0x000000071a000000| Complete 
| 183|0x000000071a200000, 0x000000071a400000, 0x000000071a400000|100%|HS|  |TAMS 0x000000071a200000| PB 0x000000071a200000| Complete 
| 184|0x000000071a400000, 0x000000071a600000, 0x000000071a600000|100%|HS|  |TAMS 0x000000071a400000| PB 0x000000071a400000| Complete 
| 185|0x000000071a600000, 0x000000071a800000, 0x000000071a800000|100%|HS|  |TAMS 0x000000071a600000| PB 0x000000071a600000| Complete 
| 186|0x000000071a800000, 0x000000071aa00000, 0x000000071aa00000|100%|HS|  |TAMS 0x000000071a800000| PB 0x000000071a800000| Complete 
| 187|0x000000071aa00000, 0x000000071ac00000, 0x000000071ac00000|100%|HS|  |TAMS 0x000000071aa00000| PB 0x000000071aa00000| Complete 
| 188|0x000000071ac00000, 0x000000071ae00000, 0x000000071ae00000|100%|HS|  |TAMS 0x000000071ac00000| PB 0x000000071ac00000| Complete 
| 189|0x000000071ae00000, 0x000000071b000000, 0x000000071b000000|100%|HS|  |TAMS 0x000000071ae00000| PB 0x000000071ae00000| Complete 
| 190|0x000000071b000000, 0x000000071b200000, 0x000000071b200000|100%|HS|  |TAMS 0x000000071b000000| PB 0x000000071b000000| Complete 
| 191|0x000000071b200000, 0x000000071b400000, 0x000000071b400000|100%|HS|  |TAMS 0x000000071b200000| PB 0x000000071b200000| Complete 
| 192|0x000000071b400000, 0x000000071b600000, 0x000000071b600000|100%|HS|  |TAMS 0x000000071b400000| PB 0x000000071b400000| Complete 
| 193|0x000000071b600000, 0x000000071b800000, 0x000000071b800000|100%|HS|  |TAMS 0x000000071b600000| PB 0x000000071b600000| Complete 
| 194|0x000000071b800000, 0x000000071ba00000, 0x000000071ba00000|100%|HS|  |TAMS 0x000000071b800000| PB 0x000000071b800000| Complete 
| 195|0x000000071ba00000, 0x000000071bc00000, 0x000000071bc00000|100%|HS|  |TAMS 0x000000071ba00000| PB 0x000000071ba00000| Complete 
| 196|0x000000071bc00000, 0x000000071be00000, 0x000000071be00000|100%|HS|  |TAMS 0x000000071bc00000| PB 0x000000071bc00000| Complete 
| 197|0x000000071be00000, 0x000000071c000000, 0x000000071c000000|100%|HS|  |TAMS 0x000000071be00000| PB 0x000000071be00000| Complete 
| 198|0x000000071c000000, 0x000000071c200000, 0x000000071c200000|100%|HS|  |TAMS 0x000000071c000000| PB 0x000000071c000000| Complete 
| 199|0x000000071c200000, 0x000000071c400000, 0x000000071c400000|100%|HS|  |TAMS 0x000000071c200000| PB 0x000000071c200000| Complete 
| 200|0x000000071c400000, 0x000000071c600000, 0x000000071c600000|100%|HS|  |TAMS 0x000000071c400000| PB 0x000000071c400000| Complete 
| 201|0x000000071c600000, 0x000000071c800000, 0x000000071c800000|100%|HS|  |TAMS 0x000000071c600000| PB 0x000000071c600000| Complete 
| 202|0x000000071c800000, 0x000000071ca00000, 0x000000071ca00000|100%|HS|  |TAMS 0x000000071c800000| PB 0x000000071c800000| Complete 
| 203|0x000000071ca00000, 0x000000071cc00000, 0x000000071cc00000|100%|HS|  |TAMS 0x000000071ca00000| PB 0x000000071ca00000| Complete 
| 204|0x000000071cc00000, 0x000000071ce00000, 0x000000071ce00000|100%|HS|  |TAMS 0x000000071cc00000| PB 0x000000071cc00000| Complete 
| 205|0x000000071ce00000, 0x000000071d000000, 0x000000071d000000|100%|HS|  |TAMS 0x000000071ce00000| PB 0x000000071ce00000| Complete 
| 206|0x000000071d000000, 0x000000071d200000, 0x000000071d200000|100%|HS|  |TAMS 0x000000071d000000| PB 0x000000071d000000| Complete 
| 207|0x000000071d200000, 0x000000071d400000, 0x000000071d400000|100%|HS|  |TAMS 0x000000071d200000| PB 0x000000071d200000| Complete 
| 208|0x000000071d400000, 0x000000071d600000, 0x000000071d600000|100%|HS|  |TAMS 0x000000071d400000| PB 0x000000071d400000| Complete 
| 209|0x000000071d600000, 0x000000071d800000, 0x000000071d800000|100%|HS|  |TAMS 0x000000071d600000| PB 0x000000071d600000| Complete 
| 210|0x000000071d800000, 0x000000071da00000, 0x000000071da00000|100%|HS|  |TAMS 0x000000071d800000| PB 0x000000071d800000| Complete 
| 211|0x000000071da00000, 0x000000071dc00000, 0x000000071dc00000|100%|HS|  |TAMS 0x000000071da00000| PB 0x000000071da00000| Complete 
| 212|0x000000071dc00000, 0x000000071de00000, 0x000000071de00000|100%|HS|  |TAMS 0x000000071dc00000| PB 0x000000071dc00000| Complete 
| 213|0x000000071de00000, 0x000000071e000000, 0x000000071e000000|100%|HS|  |TAMS 0x000000071de00000| PB 0x000000071de00000| Complete 
| 214|0x000000071e000000, 0x000000071e200000, 0x000000071e200000|100%|HS|  |TAMS 0x000000071e000000| PB 0x000000071e000000| Complete 
| 215|0x000000071e200000, 0x000000071e400000, 0x000000071e400000|100%|HS|  |TAMS 0x000000071e200000| PB 0x000000071e200000| Complete 
| 216|0x000000071e400000, 0x000000071e600000, 0x000000071e600000|100%|HS|  |TAMS 0x000000071e400000| PB 0x000000071e400000| Complete 
| 217|0x000000071e600000, 0x000000071e800000, 0x000000071e800000|100%|HS|  |TAMS 0x000000071e600000| PB 0x000000071e600000| Complete 
| 218|0x000000071e800000, 0x000000071ea00000, 0x000000071ea00000|100%|HS|  |TAMS 0x000000071e800000| PB 0x000000071e800000| Complete 
| 219|0x000000071ea00000, 0x000000071ec00000, 0x000000071ec00000|100%|HS|  |TAMS 0x000000071ea00000| PB 0x000000071ea00000| Complete 
| 220|0x000000071ec00000, 0x000000071ee00000, 0x000000071ee00000|100%|HS|  |TAMS 0x000000071ec00000| PB 0x000000071ec00000| Complete 
| 221|0x000000071ee00000, 0x000000071f000000, 0x000000071f000000|100%|HS|  |TAMS 0x000000071ee00000| PB 0x000000071ee00000| Complete 
| 222|0x000000071f000000, 0x000000071f200000, 0x000000071f200000|100%|HS|  |TAMS 0x000000071f000000| PB 0x000000071f000000| Complete 
| 223|0x000000071f200000, 0x000000071f400000, 0x000000071f400000|100%|HS|  |TAMS 0x000000071f200000| PB 0x000000071f200000| Complete 
| 224|0x000000071f400000, 0x000000071f600000, 0x000000071f600000|100%|HS|  |TAMS 0x000000071f400000| PB 0x000000071f400000| Complete 
| 225|0x000000071f600000, 0x000000071f800000, 0x000000071f800000|100%|HS|  |TAMS 0x000000071f600000| PB 0x000000071f600000| Complete 
| 226|0x000000071f800000, 0x000000071fa00000, 0x000000071fa00000|100%|HS|  |TAMS 0x000000071f800000| PB 0x000000071f800000| Complete 
| 227|0x000000071fa00000, 0x000000071fc00000, 0x000000071fc00000|100%|HS|  |TAMS 0x000000071fa00000| PB 0x000000071fa00000| Complete 
| 228|0x000000071fc00000, 0x000000071fe00000, 0x000000071fe00000|100%|HS|  |TAMS 0x000000071fc00000| PB 0x000000071fc00000| Complete 
| 229|0x000000071fe00000, 0x0000000720000000, 0x0000000720000000|100%|HS|  |TAMS 0x000000071fe00000| PB 0x000000071fe00000| Complete 
| 230|0x0000000720000000, 0x0000000720200000, 0x0000000720200000|100%|HS|  |TAMS 0x0000000720000000| PB 0x0000000720000000| Complete 
| 231|0x0000000720200000, 0x0000000720400000, 0x0000000720400000|100%|HS|  |TAMS 0x0000000720200000| PB 0x0000000720200000| Complete 
| 232|0x0000000720400000, 0x0000000720600000, 0x0000000720600000|100%|HS|  |TAMS 0x0000000720400000| PB 0x0000000720400000| Complete 
| 233|0x0000000720600000, 0x0000000720800000, 0x0000000720800000|100%|HS|  |TAMS 0x0000000720600000| PB 0x0000000720600000| Complete 
| 234|0x0000000720800000, 0x0000000720a00000, 0x0000000720a00000|100%|HS|  |TAMS 0x0000000720800000| PB 0x0000000720800000| Complete 
| 235|0x0000000720a00000, 0x0000000720c00000, 0x0000000720c00000|100%|HS|  |TAMS 0x0000000720a00000| PB 0x0000000720a00000| Complete 
| 236|0x0000000720c00000, 0x0000000720e00000, 0x0000000720e00000|100%|HS|  |TAMS 0x0000000720c00000| PB 0x0000000720c00000| Complete 
| 237|0x0000000720e00000, 0x0000000721000000, 0x0000000721000000|100%|HS|  |TAMS 0x0000000720e00000| PB 0x0000000720e00000| Complete 
| 238|0x0000000721000000, 0x0000000721200000, 0x0000000721200000|100%|HS|  |TAMS 0x0000000721000000| PB 0x0000000721000000| Complete 
| 239|0x0000000721200000, 0x0000000721400000, 0x0000000721400000|100%|HS|  |TAMS 0x0000000721200000| PB 0x0000000721200000| Complete 
| 240|0x0000000721400000, 0x0000000721600000, 0x0000000721600000|100%|HS|  |TAMS 0x0000000721400000| PB 0x0000000721400000| Complete 
| 241|0x0000000721600000, 0x0000000721800000, 0x0000000721800000|100%|HS|  |TAMS 0x0000000721600000| PB 0x0000000721600000| Complete 
| 242|0x0000000721800000, 0x0000000721a00000, 0x0000000721a00000|100%|HS|  |TAMS 0x0000000721800000| PB 0x0000000721800000| Complete 
| 243|0x0000000721a00000, 0x0000000721c00000, 0x0000000721c00000|100%|HS|  |TAMS 0x0000000721a00000| PB 0x0000000721a00000| Complete 
| 244|0x0000000721c00000, 0x0000000721e00000, 0x0000000721e00000|100%|HS|  |TAMS 0x0000000721c00000| PB 0x0000000721c00000| Complete 
| 245|0x0000000721e00000, 0x0000000722000000, 0x0000000722000000|100%|HS|  |TAMS 0x0000000721e00000| PB 0x0000000721e00000| Complete 
| 246|0x0000000722000000, 0x0000000722200000, 0x0000000722200000|100%|HS|  |TAMS 0x0000000722000000| PB 0x0000000722000000| Complete 
| 247|0x0000000722200000, 0x0000000722400000, 0x0000000722400000|100%|HS|  |TAMS 0x0000000722200000| PB 0x0000000722200000| Complete 
| 248|0x0000000722400000, 0x0000000722600000, 0x0000000722600000|100%|HS|  |TAMS 0x0000000722400000| PB 0x0000000722400000| Complete 
| 249|0x0000000722600000, 0x0000000722800000, 0x0000000722800000|100%|HS|  |TAMS 0x0000000722600000| PB 0x0000000722600000| Complete 
| 250|0x0000000722800000, 0x0000000722a00000, 0x0000000722a00000|100%|HS|  |TAMS 0x0000000722800000| PB 0x0000000722800000| Complete 
| 251|0x0000000722a00000, 0x0000000722c00000, 0x0000000722c00000|100%|HS|  |TAMS 0x0000000722a00000| PB 0x0000000722a00000| Complete 
| 252|0x0000000722c00000, 0x0000000722e00000, 0x0000000722e00000|100%|HS|  |TAMS 0x0000000722c00000| PB 0x0000000722c00000| Complete 
| 253|0x0000000722e00000, 0x0000000722ef8970, 0x0000000723000000| 48%| O|  |TAMS 0x0000000722e00000| PB 0x0000000722e00000| Untracked 
| 254|0x0000000723000000, 0x0000000723200000, 0x0000000723200000|100%|HS|  |TAMS 0x0000000723000000| PB 0x0000000723000000| Complete 
| 255|0x0000000723200000, 0x0000000723400000, 0x0000000723400000|100%|HS|  |TAMS 0x0000000723200000| PB 0x0000000723200000| Complete 
| 256|0x0000000723400000, 0x0000000723600000, 0x0000000723600000|100%|HS|  |TAMS 0x0000000723400000| PB 0x0000000723400000| Complete 
| 257|0x0000000723600000, 0x0000000723800000, 0x0000000723800000|100%|HS|  |TAMS 0x0000000723600000| PB 0x0000000723600000| Complete 
| 258|0x0000000723800000, 0x0000000723a00000, 0x0000000723a00000|100%|HS|  |TAMS 0x0000000723800000| PB 0x0000000723800000| Complete 
| 259|0x0000000723a00000, 0x0000000723c00000, 0x0000000723c00000|100%|HS|  |TAMS 0x0000000723a00000| PB 0x0000000723a00000| Complete 
| 260|0x0000000723c00000, 0x0000000723e00000, 0x0000000723e00000|100%|HS|  |TAMS 0x0000000723c00000| PB 0x0000000723c00000| Complete 
| 261|0x0000000723e00000, 0x0000000724000000, 0x0000000724000000|100%|HS|  |TAMS 0x0000000723e00000| PB 0x0000000723e00000| Complete 
| 262|0x0000000724000000, 0x0000000724200000, 0x0000000724200000|100%|HS|  |TAMS 0x0000000724000000| PB 0x0000000724000000| Complete 
| 263|0x0000000724200000, 0x0000000724400000, 0x0000000724400000|100%|HS|  |TAMS 0x0000000724200000| PB 0x0000000724200000| Complete 
| 264|0x0000000724400000, 0x0000000724600000, 0x0000000724600000|100%|HS|  |TAMS 0x0000000724400000| PB 0x0000000724400000| Complete 
| 265|0x0000000724600000, 0x0000000724800000, 0x0000000724800000|100%|HS|  |TAMS 0x0000000724600000| PB 0x0000000724600000| Complete 
| 266|0x0000000724800000, 0x0000000724800000, 0x0000000724a00000|  0%| F|  |TAMS 0x0000000724800000| PB 0x0000000724800000| Untracked 
| 267|0x0000000724a00000, 0x0000000724c00000, 0x0000000724c00000|100%|HS|  |TAMS 0x0000000724a00000| PB 0x0000000724a00000| Complete 
| 268|0x0000000724c00000, 0x0000000724e00000, 0x0000000724e00000|100%|HS|  |TAMS 0x0000000724c00000| PB 0x0000000724c00000| Complete 
| 269|0x0000000724e00000, 0x0000000725000000, 0x0000000725000000|100%|HS|  |TAMS 0x0000000724e00000| PB 0x0000000724e00000| Complete 
| 270|0x0000000725000000, 0x0000000725000000, 0x0000000725200000|  0%| F|  |TAMS 0x0000000725000000| PB 0x0000000725000000| Untracked 
| 271|0x0000000725200000, 0x0000000725400000, 0x0000000725400000|100%|HS|  |TAMS 0x0000000725200000| PB 0x0000000725200000| Complete 
| 272|0x0000000725400000, 0x0000000725400000, 0x0000000725600000|  0%| F|  |TAMS 0x0000000725400000| PB 0x0000000725400000| Untracked 
| 273|0x0000000725600000, 0x0000000725800000, 0x0000000725800000|100%|HS|  |TAMS 0x0000000725600000| PB 0x0000000725600000| Complete 
| 274|0x0000000725800000, 0x0000000725800000, 0x0000000725a00000|  0%| F|  |TAMS 0x0000000725800000| PB 0x0000000725800000| Untracked 
| 275|0x0000000725a00000, 0x0000000725c00000, 0x0000000725c00000|100%|HS|  |TAMS 0x0000000725a00000| PB 0x0000000725a00000| Complete 
| 276|0x0000000725c00000, 0x0000000725c00000, 0x0000000725e00000|  0%| F|  |TAMS 0x0000000725c00000| PB 0x0000000725c00000| Untracked 
| 277|0x0000000725e00000, 0x0000000726000000, 0x0000000726000000|100%|HS|  |TAMS 0x0000000725e00000| PB 0x0000000725e00000| Complete 
| 278|0x0000000726000000, 0x0000000726000000, 0x0000000726200000|  0%| F|  |TAMS 0x0000000726000000| PB 0x0000000726000000| Untracked 
| 279|0x0000000726200000, 0x0000000726400000, 0x0000000726400000|100%|HS|  |TAMS 0x0000000726200000| PB 0x0000000726200000| Complete 
| 280|0x0000000726400000, 0x0000000726400000, 0x0000000726600000|  0%| F|  |TAMS 0x0000000726400000| PB 0x0000000726400000| Untracked 
| 281|0x0000000726600000, 0x0000000726800000, 0x0000000726800000|100%|HS|  |TAMS 0x0000000726600000| PB 0x0000000726600000| Complete 
| 282|0x0000000726800000, 0x0000000726a00000, 0x0000000726a00000|100%|HS|  |TAMS 0x0000000726800000| PB 0x0000000726800000| Complete 
| 283|0x0000000726a00000, 0x0000000726a00000, 0x0000000726c00000|  0%| F|  |TAMS 0x0000000726a00000| PB 0x0000000726a00000| Untracked 
| 284|0x0000000726c00000, 0x0000000726e00000, 0x0000000726e00000|100%|HS|  |TAMS 0x0000000726c00000| PB 0x0000000726c00000| Complete 
| 285|0x0000000726e00000, 0x0000000726e00000, 0x0000000727000000|  0%| F|  |TAMS 0x0000000726e00000| PB 0x0000000726e00000| Untracked 
| 286|0x0000000727000000, 0x0000000727200000, 0x0000000727200000|100%|HS|  |TAMS 0x0000000727000000| PB 0x0000000727000000| Complete 
| 287|0x0000000727200000, 0x0000000727200000, 0x0000000727400000|  0%| F|  |TAMS 0x0000000727200000| PB 0x0000000727200000| Untracked 
| 288|0x0000000727400000, 0x0000000727600000, 0x0000000727600000|100%|HS|  |TAMS 0x0000000727400000| PB 0x0000000727400000| Complete 
| 289|0x0000000727600000, 0x0000000727600000, 0x0000000727800000|  0%| F|  |TAMS 0x0000000727600000| PB 0x0000000727600000| Untracked 
| 290|0x0000000727800000, 0x0000000727a00000, 0x0000000727a00000|100%|HS|  |TAMS 0x0000000727800000| PB 0x0000000727800000| Complete 
| 291|0x0000000727a00000, 0x0000000727a00000, 0x0000000727c00000|  0%| F|  |TAMS 0x0000000727a00000| PB 0x0000000727a00000| Untracked 
| 292|0x0000000727c00000, 0x0000000727e00000, 0x0000000727e00000|100%|HS|  |TAMS 0x0000000727c00000| PB 0x0000000727c00000| Complete 
| 293|0x0000000727e00000, 0x0000000727e00000, 0x0000000728000000|  0%| F|  |TAMS 0x0000000727e00000| PB 0x0000000727e00000| Untracked 
| 294|0x0000000728000000, 0x0000000728200000, 0x0000000728200000|100%|HS|  |TAMS 0x0000000728000000| PB 0x0000000728000000| Complete 
| 295|0x0000000728200000, 0x0000000728200000, 0x0000000728400000|  0%| F|  |TAMS 0x0000000728200000| PB 0x0000000728200000| Untracked 
| 296|0x0000000728400000, 0x0000000728600000, 0x0000000728600000|100%|HS|  |TAMS 0x0000000728400000| PB 0x0000000728400000| Complete 
| 297|0x0000000728600000, 0x0000000728600000, 0x0000000728800000|  0%| F|  |TAMS 0x0000000728600000| PB 0x0000000728600000| Untracked 
| 298|0x0000000728800000, 0x0000000728a00000, 0x0000000728a00000|100%|HS|  |TAMS 0x0000000728800000| PB 0x0000000728800000| Complete 
| 299|0x0000000728a00000, 0x0000000728a00000, 0x0000000728c00000|  0%| F|  |TAMS 0x0000000728a00000| PB 0x0000000728a00000| Untracked 
| 300|0x0000000728c00000, 0x0000000728e00000, 0x0000000728e00000|100%|HS|  |TAMS 0x0000000728c00000| PB 0x0000000728c00000| Complete 
| 301|0x0000000728e00000, 0x0000000728e00000, 0x0000000729000000|  0%| F|  |TAMS 0x0000000728e00000| PB 0x0000000728e00000| Untracked 
| 302|0x0000000729000000, 0x0000000729200000, 0x0000000729200000|100%|HS|  |TAMS 0x0000000729000000| PB 0x0000000729000000| Complete 
| 303|0x0000000729200000, 0x0000000729200000, 0x0000000729400000|  0%| F|  |TAMS 0x0000000729200000| PB 0x0000000729200000| Untracked 
| 304|0x0000000729400000, 0x0000000729600000, 0x0000000729600000|100%|HS|  |TAMS 0x0000000729400000| PB 0x0000000729400000| Complete 
| 305|0x0000000729600000, 0x0000000729600000, 0x0000000729800000|  0%| F|  |TAMS 0x0000000729600000| PB 0x0000000729600000| Untracked 
| 306|0x0000000729800000, 0x0000000729a00000, 0x0000000729a00000|100%|HS|  |TAMS 0x0000000729800000| PB 0x0000000729800000| Complete 
| 307|0x0000000729a00000, 0x0000000729a00000, 0x0000000729c00000|  0%| F|  |TAMS 0x0000000729a00000| PB 0x0000000729a00000| Untracked 
| 308|0x0000000729c00000, 0x0000000729e00000, 0x0000000729e00000|100%|HS|  |TAMS 0x0000000729c00000| PB 0x0000000729c00000| Complete 
| 309|0x0000000729e00000, 0x0000000729e00000, 0x000000072a000000|  0%| F|  |TAMS 0x0000000729e00000| PB 0x0000000729e00000| Untracked 
| 310|0x000000072a000000, 0x000000072a200000, 0x000000072a200000|100%|HS|  |TAMS 0x000000072a000000| PB 0x000000072a000000| Complete 
| 311|0x000000072a200000, 0x000000072a200000, 0x000000072a400000|  0%| F|  |TAMS 0x000000072a200000| PB 0x000000072a200000| Untracked 
| 312|0x000000072a400000, 0x000000072a600000, 0x000000072a600000|100%|HS|  |TAMS 0x000000072a400000| PB 0x000000072a400000| Complete 
| 313|0x000000072a600000, 0x000000072a800000, 0x000000072a800000|100%| O|  |TAMS 0x000000072a600000| PB 0x000000072a600000| Untracked 
| 314|0x000000072a800000, 0x000000072a800000, 0x000000072aa00000|  0%| F|  |TAMS 0x000000072a800000| PB 0x000000072a800000| Untracked 
| 315|0x000000072aa00000, 0x000000072aa00000, 0x000000072ac00000|  0%| F|  |TAMS 0x000000072aa00000| PB 0x000000072aa00000| Untracked 
| 316|0x000000072ac00000, 0x000000072ac00000, 0x000000072ae00000|  0%| F|  |TAMS 0x000000072ac00000| PB 0x000000072ac00000| Untracked 
| 317|0x000000072ae00000, 0x000000072ae00000, 0x000000072b000000|  0%| F|  |TAMS 0x000000072ae00000| PB 0x000000072ae00000| Untracked 
| 318|0x000000072b000000, 0x000000072b000000, 0x000000072b200000|  0%| F|  |TAMS 0x000000072b000000| PB 0x000000072b000000| Untracked 
| 319|0x000000072b200000, 0x000000072b200000, 0x000000072b400000|  0%| F|  |TAMS 0x000000072b200000| PB 0x000000072b200000| Untracked 
| 320|0x000000072b400000, 0x000000072b400000, 0x000000072b600000|  0%| F|  |TAMS 0x000000072b400000| PB 0x000000072b400000| Untracked 
| 321|0x000000072b600000, 0x000000072b600000, 0x000000072b800000|  0%| F|  |TAMS 0x000000072b600000| PB 0x000000072b600000| Untracked 
| 322|0x000000072b800000, 0x000000072b800000, 0x000000072ba00000|  0%| F|  |TAMS 0x000000072b800000| PB 0x000000072b800000| Untracked 
| 323|0x000000072ba00000, 0x000000072ba00000, 0x000000072bc00000|  0%| F|  |TAMS 0x000000072ba00000| PB 0x000000072ba00000| Untracked 
| 324|0x000000072bc00000, 0x000000072bc00000, 0x000000072be00000|  0%| F|  |TAMS 0x000000072bc00000| PB 0x000000072bc00000| Untracked 
| 325|0x000000072be00000, 0x000000072be00000, 0x000000072c000000|  0%| F|  |TAMS 0x000000072be00000| PB 0x000000072be00000| Untracked 
| 326|0x000000072c000000, 0x000000072c000000, 0x000000072c200000|  0%| F|  |TAMS 0x000000072c000000| PB 0x000000072c000000| Untracked 
| 327|0x000000072c200000, 0x000000072c200000, 0x000000072c400000|  0%| F|  |TAMS 0x000000072c200000| PB 0x000000072c200000| Untracked 
| 328|0x000000072c400000, 0x000000072c400000, 0x000000072c600000|  0%| F|  |TAMS 0x000000072c400000| PB 0x000000072c400000| Untracked 
| 329|0x000000072c600000, 0x000000072c600000, 0x000000072c800000|  0%| F|  |TAMS 0x000000072c600000| PB 0x000000072c600000| Untracked 
| 330|0x000000072c800000, 0x000000072c800000, 0x000000072ca00000|  0%| F|  |TAMS 0x000000072c800000| PB 0x000000072c800000| Untracked 
| 331|0x000000072ca00000, 0x000000072ca00000, 0x000000072cc00000|  0%| F|  |TAMS 0x000000072ca00000| PB 0x000000072ca00000| Untracked 
| 332|0x000000072cc00000, 0x000000072cc00000, 0x000000072ce00000|  0%| F|  |TAMS 0x000000072cc00000| PB 0x000000072cc00000| Untracked 
| 333|0x000000072ce00000, 0x000000072ce00000, 0x000000072d000000|  0%| F|  |TAMS 0x000000072ce00000| PB 0x000000072ce00000| Untracked 
| 334|0x000000072d000000, 0x000000072d000000, 0x000000072d200000|  0%| F|  |TAMS 0x000000072d000000| PB 0x000000072d000000| Untracked 
| 335|0x000000072d200000, 0x000000072d200000, 0x000000072d400000|  0%| F|  |TAMS 0x000000072d200000| PB 0x000000072d200000| Untracked 
| 336|0x000000072d400000, 0x000000072d400000, 0x000000072d600000|  0%| F|  |TAMS 0x000000072d400000| PB 0x000000072d400000| Untracked 
| 337|0x000000072d600000, 0x000000072d600000, 0x000000072d800000|  0%| F|  |TAMS 0x000000072d600000| PB 0x000000072d600000| Untracked 
| 338|0x000000072d800000, 0x000000072d800000, 0x000000072da00000|  0%| F|  |TAMS 0x000000072d800000| PB 0x000000072d800000| Untracked 
| 339|0x000000072da00000, 0x000000072da00000, 0x000000072dc00000|  0%| F|  |TAMS 0x000000072da00000| PB 0x000000072da00000| Untracked 
| 340|0x000000072dc00000, 0x000000072dc00000, 0x000000072de00000|  0%| F|  |TAMS 0x000000072dc00000| PB 0x000000072dc00000| Untracked 
| 341|0x000000072de00000, 0x000000072de00000, 0x000000072e000000|  0%| F|  |TAMS 0x000000072de00000| PB 0x000000072de00000| Untracked 
| 342|0x000000072e000000, 0x000000072e000000, 0x000000072e200000|  0%| F|  |TAMS 0x000000072e000000| PB 0x000000072e000000| Untracked 
| 343|0x000000072e200000, 0x000000072e200000, 0x000000072e400000|  0%| F|  |TAMS 0x000000072e200000| PB 0x000000072e200000| Untracked 
| 344|0x000000072e400000, 0x000000072e400000, 0x000000072e600000|  0%| F|  |TAMS 0x000000072e400000| PB 0x000000072e400000| Untracked 
| 345|0x000000072e600000, 0x000000072e600000, 0x000000072e800000|  0%| F|  |TAMS 0x000000072e600000| PB 0x000000072e600000| Untracked 
| 346|0x000000072e800000, 0x000000072e800000, 0x000000072ea00000|  0%| F|  |TAMS 0x000000072e800000| PB 0x000000072e800000| Untracked 
| 347|0x000000072ea00000, 0x000000072ea00000, 0x000000072ec00000|  0%| F|  |TAMS 0x000000072ea00000| PB 0x000000072ea00000| Untracked 
| 348|0x000000072ec00000, 0x000000072ec00000, 0x000000072ee00000|  0%| F|  |TAMS 0x000000072ec00000| PB 0x000000072ec00000| Untracked 
| 349|0x000000072ee00000, 0x000000072ee00000, 0x000000072f000000|  0%| F|  |TAMS 0x000000072ee00000| PB 0x000000072ee00000| Untracked 
| 350|0x000000072f000000, 0x000000072f000000, 0x000000072f200000|  0%| F|  |TAMS 0x000000072f000000| PB 0x000000072f000000| Untracked 
| 351|0x000000072f200000, 0x000000072f200000, 0x000000072f400000|  0%| F|  |TAMS 0x000000072f200000| PB 0x000000072f200000| Untracked 
| 352|0x000000072f400000, 0x000000072f400000, 0x000000072f600000|  0%| F|  |TAMS 0x000000072f400000| PB 0x000000072f400000| Untracked 
| 353|0x000000072f600000, 0x000000072f600000, 0x000000072f800000|  0%| F|  |TAMS 0x000000072f600000| PB 0x000000072f600000| Untracked 
| 354|0x000000072f800000, 0x000000072f800000, 0x000000072fa00000|  0%| F|  |TAMS 0x000000072f800000| PB 0x000000072f800000| Untracked 
| 355|0x000000072fa00000, 0x000000072fa00000, 0x000000072fc00000|  0%| F|  |TAMS 0x000000072fa00000| PB 0x000000072fa00000| Untracked 
| 356|0x000000072fc00000, 0x000000072fc00000, 0x000000072fe00000|  0%| F|  |TAMS 0x000000072fc00000| PB 0x000000072fc00000| Untracked 
| 357|0x000000072fe00000, 0x000000072fe00000, 0x0000000730000000|  0%| F|  |TAMS 0x000000072fe00000| PB 0x000000072fe00000| Untracked 
| 358|0x0000000730000000, 0x0000000730000000, 0x0000000730200000|  0%| F|  |TAMS 0x0000000730000000| PB 0x0000000730000000| Untracked 
| 359|0x0000000730200000, 0x0000000730200000, 0x0000000730400000|  0%| F|  |TAMS 0x0000000730200000| PB 0x0000000730200000| Untracked 
| 360|0x0000000730400000, 0x0000000730400000, 0x0000000730600000|  0%| F|  |TAMS 0x0000000730400000| PB 0x0000000730400000| Untracked 
| 361|0x0000000730600000, 0x0000000730600000, 0x0000000730800000|  0%| F|  |TAMS 0x0000000730600000| PB 0x0000000730600000| Untracked 
| 362|0x0000000730800000, 0x0000000730800000, 0x0000000730a00000|  0%| F|  |TAMS 0x0000000730800000| PB 0x0000000730800000| Untracked 
| 363|0x0000000730a00000, 0x0000000730a00000, 0x0000000730c00000|  0%| F|  |TAMS 0x0000000730a00000| PB 0x0000000730a00000| Untracked 
| 364|0x0000000730c00000, 0x0000000730c00000, 0x0000000730e00000|  0%| F|  |TAMS 0x0000000730c00000| PB 0x0000000730c00000| Untracked 
| 365|0x0000000730e00000, 0x0000000730e00000, 0x0000000731000000|  0%| F|  |TAMS 0x0000000730e00000| PB 0x0000000730e00000| Untracked 
| 366|0x0000000731000000, 0x0000000731000000, 0x0000000731200000|  0%| F|  |TAMS 0x0000000731000000| PB 0x0000000731000000| Untracked 
| 367|0x0000000731200000, 0x0000000731200000, 0x0000000731400000|  0%| F|  |TAMS 0x0000000731200000| PB 0x0000000731200000| Untracked 
| 368|0x0000000731400000, 0x0000000731400000, 0x0000000731600000|  0%| F|  |TAMS 0x0000000731400000| PB 0x0000000731400000| Untracked 
| 369|0x0000000731600000, 0x0000000731600000, 0x0000000731800000|  0%| F|  |TAMS 0x0000000731600000| PB 0x0000000731600000| Untracked 
| 370|0x0000000731800000, 0x0000000731800000, 0x0000000731a00000|  0%| F|  |TAMS 0x0000000731800000| PB 0x0000000731800000| Untracked 
| 371|0x0000000731a00000, 0x0000000731a00000, 0x0000000731c00000|  0%| F|  |TAMS 0x0000000731a00000| PB 0x0000000731a00000| Untracked 
| 372|0x0000000731c00000, 0x0000000731c00000, 0x0000000731e00000|  0%| F|  |TAMS 0x0000000731c00000| PB 0x0000000731c00000| Untracked 
| 373|0x0000000731e00000, 0x0000000731e00000, 0x0000000732000000|  0%| F|  |TAMS 0x0000000731e00000| PB 0x0000000731e00000| Untracked 
| 374|0x0000000732000000, 0x0000000732000000, 0x0000000732200000|  0%| F|  |TAMS 0x0000000732000000| PB 0x0000000732000000| Untracked 
| 375|0x0000000732200000, 0x0000000732200000, 0x0000000732400000|  0%| F|  |TAMS 0x0000000732200000| PB 0x0000000732200000| Untracked 
| 376|0x0000000732400000, 0x0000000732400000, 0x0000000732600000|  0%| F|  |TAMS 0x0000000732400000| PB 0x0000000732400000| Untracked 
| 377|0x0000000732600000, 0x0000000732600000, 0x0000000732800000|  0%| F|  |TAMS 0x0000000732600000| PB 0x0000000732600000| Untracked 
| 378|0x0000000732800000, 0x0000000732800000, 0x0000000732a00000|  0%| F|  |TAMS 0x0000000732800000| PB 0x0000000732800000| Untracked 
| 379|0x0000000732a00000, 0x0000000732a00000, 0x0000000732c00000|  0%| F|  |TAMS 0x0000000732a00000| PB 0x0000000732a00000| Untracked 
| 380|0x0000000732c00000, 0x0000000732c00000, 0x0000000732e00000|  0%| F|  |TAMS 0x0000000732c00000| PB 0x0000000732c00000| Untracked 
| 381|0x0000000732e00000, 0x0000000732e00000, 0x0000000733000000|  0%| F|  |TAMS 0x0000000732e00000| PB 0x0000000732e00000| Untracked 
| 382|0x0000000733000000, 0x0000000733000000, 0x0000000733200000|  0%| F|  |TAMS 0x0000000733000000| PB 0x0000000733000000| Untracked 
| 383|0x0000000733200000, 0x0000000733200000, 0x0000000733400000|  0%| F|  |TAMS 0x0000000733200000| PB 0x0000000733200000| Untracked 
| 384|0x0000000733400000, 0x0000000733400000, 0x0000000733600000|  0%| F|  |TAMS 0x0000000733400000| PB 0x0000000733400000| Untracked 
| 385|0x0000000733600000, 0x0000000733600000, 0x0000000733800000|  0%| F|  |TAMS 0x0000000733600000| PB 0x0000000733600000| Untracked 
| 386|0x0000000733800000, 0x0000000733800000, 0x0000000733a00000|  0%| F|  |TAMS 0x0000000733800000| PB 0x0000000733800000| Untracked 
| 387|0x0000000733a00000, 0x0000000733a00000, 0x0000000733c00000|  0%| F|  |TAMS 0x0000000733a00000| PB 0x0000000733a00000| Untracked 
| 388|0x0000000733c00000, 0x0000000733c00000, 0x0000000733e00000|  0%| F|  |TAMS 0x0000000733c00000| PB 0x0000000733c00000| Untracked 
| 389|0x0000000733e00000, 0x0000000733e00000, 0x0000000734000000|  0%| F|  |TAMS 0x0000000733e00000| PB 0x0000000733e00000| Untracked 
| 390|0x0000000734000000, 0x0000000734000000, 0x0000000734200000|  0%| F|  |TAMS 0x0000000734000000| PB 0x0000000734000000| Untracked 
| 391|0x0000000734200000, 0x0000000734200000, 0x0000000734400000|  0%| F|  |TAMS 0x0000000734200000| PB 0x0000000734200000| Untracked 
| 392|0x0000000734400000, 0x0000000734400000, 0x0000000734600000|  0%| F|  |TAMS 0x0000000734400000| PB 0x0000000734400000| Untracked 
| 393|0x0000000734600000, 0x0000000734600000, 0x0000000734800000|  0%| F|  |TAMS 0x0000000734600000| PB 0x0000000734600000| Untracked 
| 394|0x0000000734800000, 0x0000000734800000, 0x0000000734a00000|  0%| F|  |TAMS 0x0000000734800000| PB 0x0000000734800000| Untracked 
| 395|0x0000000734a00000, 0x0000000734a00000, 0x0000000734c00000|  0%| F|  |TAMS 0x0000000734a00000| PB 0x0000000734a00000| Untracked 
| 396|0x0000000734c00000, 0x0000000734c00000, 0x0000000734e00000|  0%| F|  |TAMS 0x0000000734c00000| PB 0x0000000734c00000| Untracked 
| 397|0x0000000734e00000, 0x0000000734e00000, 0x0000000735000000|  0%| F|  |TAMS 0x0000000734e00000| PB 0x0000000734e00000| Untracked 
| 398|0x0000000735000000, 0x0000000735000000, 0x0000000735200000|  0%| F|  |TAMS 0x0000000735000000| PB 0x0000000735000000| Untracked 
| 399|0x0000000735200000, 0x0000000735200000, 0x0000000735400000|  0%| F|  |TAMS 0x0000000735200000| PB 0x0000000735200000| Untracked 
| 400|0x0000000735400000, 0x0000000735400000, 0x0000000735600000|  0%| F|  |TAMS 0x0000000735400000| PB 0x0000000735400000| Untracked 
| 401|0x0000000735600000, 0x0000000735600000, 0x0000000735800000|  0%| F|  |TAMS 0x0000000735600000| PB 0x0000000735600000| Untracked 
| 402|0x0000000735800000, 0x0000000735800000, 0x0000000735a00000|  0%| F|  |TAMS 0x0000000735800000| PB 0x0000000735800000| Untracked 
| 403|0x0000000735a00000, 0x0000000735a00000, 0x0000000735c00000|  0%| F|  |TAMS 0x0000000735a00000| PB 0x0000000735a00000| Untracked 
| 404|0x0000000735c00000, 0x0000000735c00000, 0x0000000735e00000|  0%| F|  |TAMS 0x0000000735c00000| PB 0x0000000735c00000| Untracked 
| 405|0x0000000735e00000, 0x0000000735e00000, 0x0000000736000000|  0%| F|  |TAMS 0x0000000735e00000| PB 0x0000000735e00000| Untracked 
| 406|0x0000000736000000, 0x0000000736000000, 0x0000000736200000|  0%| F|  |TAMS 0x0000000736000000| PB 0x0000000736000000| Untracked 
| 407|0x0000000736200000, 0x0000000736200000, 0x0000000736400000|  0%| F|  |TAMS 0x0000000736200000| PB 0x0000000736200000| Untracked 
| 408|0x0000000736400000, 0x0000000736400000, 0x0000000736600000|  0%| F|  |TAMS 0x0000000736400000| PB 0x0000000736400000| Untracked 
| 409|0x0000000736600000, 0x0000000736600000, 0x0000000736800000|  0%| F|  |TAMS 0x0000000736600000| PB 0x0000000736600000| Untracked 
| 410|0x0000000736800000, 0x0000000736800000, 0x0000000736a00000|  0%| F|  |TAMS 0x0000000736800000| PB 0x0000000736800000| Untracked 
| 411|0x0000000736a00000, 0x0000000736a00000, 0x0000000736c00000|  0%| F|  |TAMS 0x0000000736a00000| PB 0x0000000736a00000| Untracked 
| 412|0x0000000736c00000, 0x0000000736c00000, 0x0000000736e00000|  0%| F|  |TAMS 0x0000000736c00000| PB 0x0000000736c00000| Untracked 
| 413|0x0000000736e00000, 0x0000000736e00000, 0x0000000737000000|  0%| F|  |TAMS 0x0000000736e00000| PB 0x0000000736e00000| Untracked 
| 414|0x0000000737000000, 0x0000000737000000, 0x0000000737200000|  0%| F|  |TAMS 0x0000000737000000| PB 0x0000000737000000| Untracked 
| 415|0x0000000737200000, 0x0000000737200000, 0x0000000737400000|  0%| F|  |TAMS 0x0000000737200000| PB 0x0000000737200000| Untracked 
| 416|0x0000000737400000, 0x0000000737400000, 0x0000000737600000|  0%| F|  |TAMS 0x0000000737400000| PB 0x0000000737400000| Untracked 
| 417|0x0000000737600000, 0x0000000737600000, 0x0000000737800000|  0%| F|  |TAMS 0x0000000737600000| PB 0x0000000737600000| Untracked 
| 418|0x0000000737800000, 0x0000000737800000, 0x0000000737a00000|  0%| F|  |TAMS 0x0000000737800000| PB 0x0000000737800000| Untracked 
| 419|0x0000000737a00000, 0x0000000737a00000, 0x0000000737c00000|  0%| F|  |TAMS 0x0000000737a00000| PB 0x0000000737a00000| Untracked 
| 420|0x0000000737c00000, 0x0000000737c58800, 0x0000000737e00000| 17%| S|CS|TAMS 0x0000000737c00000| PB 0x0000000737c00000| Complete 
| 421|0x0000000737e00000, 0x0000000738000000, 0x0000000738000000|100%| S|CS|TAMS 0x0000000737e00000| PB 0x0000000737e00000| Complete 
| 422|0x0000000738000000, 0x0000000738200000, 0x0000000738200000|100%| S|CS|TAMS 0x0000000738000000| PB 0x0000000738000000| Complete 
| 423|0x0000000738200000, 0x0000000738200000, 0x0000000738400000|  0%| F|  |TAMS 0x0000000738200000| PB 0x0000000738200000| Untracked 
| 424|0x0000000738400000, 0x0000000738400000, 0x0000000738600000|  0%| F|  |TAMS 0x0000000738400000| PB 0x0000000738400000| Untracked 
| 425|0x0000000738600000, 0x0000000738600000, 0x0000000738800000|  0%| F|  |TAMS 0x0000000738600000| PB 0x0000000738600000| Untracked 
| 426|0x0000000738800000, 0x0000000738800000, 0x0000000738a00000|  0%| F|  |TAMS 0x0000000738800000| PB 0x0000000738800000| Untracked 
| 427|0x0000000738a00000, 0x0000000738a00000, 0x0000000738c00000|  0%| F|  |TAMS 0x0000000738a00000| PB 0x0000000738a00000| Untracked 
| 428|0x0000000738c00000, 0x0000000738c00000, 0x0000000738e00000|  0%| F|  |TAMS 0x0000000738c00000| PB 0x0000000738c00000| Untracked 
| 429|0x0000000738e00000, 0x0000000738e00000, 0x0000000739000000|  0%| F|  |TAMS 0x0000000738e00000| PB 0x0000000738e00000| Untracked 
| 430|0x0000000739000000, 0x0000000739000000, 0x0000000739200000|  0%| F|  |TAMS 0x0000000739000000| PB 0x0000000739000000| Untracked 
| 431|0x0000000739200000, 0x0000000739200000, 0x0000000739400000|  0%| F|  |TAMS 0x0000000739200000| PB 0x0000000739200000| Untracked 
| 432|0x0000000739400000, 0x0000000739400000, 0x0000000739600000|  0%| F|  |TAMS 0x0000000739400000| PB 0x0000000739400000| Untracked 
| 433|0x0000000739600000, 0x0000000739600000, 0x0000000739800000|  0%| F|  |TAMS 0x0000000739600000| PB 0x0000000739600000| Untracked 
| 434|0x0000000739800000, 0x0000000739800000, 0x0000000739a00000|  0%| F|  |TAMS 0x0000000739800000| PB 0x0000000739800000| Untracked 
| 435|0x0000000739a00000, 0x0000000739a00000, 0x0000000739c00000|  0%| F|  |TAMS 0x0000000739a00000| PB 0x0000000739a00000| Untracked 
| 436|0x0000000739c00000, 0x0000000739c00000, 0x0000000739e00000|  0%| F|  |TAMS 0x0000000739c00000| PB 0x0000000739c00000| Untracked 
| 437|0x0000000739e00000, 0x000000073a000000, 0x000000073a000000|100%| E|  |TAMS 0x0000000739e00000| PB 0x0000000739e00000| Complete 
| 438|0x000000073a000000, 0x000000073a200000, 0x000000073a200000|100%| E|CS|TAMS 0x000000073a000000| PB 0x000000073a000000| Complete 
| 439|0x000000073a200000, 0x000000073a400000, 0x000000073a400000|100%| E|CS|TAMS 0x000000073a200000| PB 0x000000073a200000| Complete 
| 440|0x000000073a400000, 0x000000073a600000, 0x000000073a600000|100%| E|CS|TAMS 0x000000073a400000| PB 0x000000073a400000| Complete 
| 441|0x000000073a600000, 0x000000073a800000, 0x000000073a800000|100%| E|CS|TAMS 0x000000073a600000| PB 0x000000073a600000| Complete 
| 442|0x000000073a800000, 0x000000073aa00000, 0x000000073aa00000|100%| E|CS|TAMS 0x000000073a800000| PB 0x000000073a800000| Complete 
| 443|0x000000073aa00000, 0x000000073ac00000, 0x000000073ac00000|100%| E|CS|TAMS 0x000000073aa00000| PB 0x000000073aa00000| Complete 
| 444|0x000000073ac00000, 0x000000073ae00000, 0x000000073ae00000|100%| E|CS|TAMS 0x000000073ac00000| PB 0x000000073ac00000| Complete 
| 445|0x000000073ae00000, 0x000000073b000000, 0x000000073b000000|100%| E|CS|TAMS 0x000000073ae00000| PB 0x000000073ae00000| Complete 
| 446|0x000000073b000000, 0x000000073b200000, 0x000000073b200000|100%| E|CS|TAMS 0x000000073b000000| PB 0x000000073b000000| Complete 
| 447|0x000000073b200000, 0x000000073b400000, 0x000000073b400000|100%| E|CS|TAMS 0x000000073b200000| PB 0x000000073b200000| Complete 
| 448|0x000000073b400000, 0x000000073b600000, 0x000000073b600000|100%| E|CS|TAMS 0x000000073b400000| PB 0x000000073b400000| Complete 
| 449|0x000000073b600000, 0x000000073b800000, 0x000000073b800000|100%| E|CS|TAMS 0x000000073b600000| PB 0x000000073b600000| Complete 
| 450|0x000000073b800000, 0x000000073ba00000, 0x000000073ba00000|100%| E|CS|TAMS 0x000000073b800000| PB 0x000000073b800000| Complete 
| 451|0x000000073ba00000, 0x000000073bc00000, 0x000000073bc00000|100%| E|CS|TAMS 0x000000073ba00000| PB 0x000000073ba00000| Complete 
| 452|0x000000073bc00000, 0x000000073be00000, 0x000000073be00000|100%| E|CS|TAMS 0x000000073bc00000| PB 0x000000073bc00000| Complete 
| 453|0x000000073be00000, 0x000000073c000000, 0x000000073c000000|100%| E|CS|TAMS 0x000000073be00000| PB 0x000000073be00000| Complete 
| 454|0x000000073c000000, 0x000000073c200000, 0x000000073c200000|100%| E|CS|TAMS 0x000000073c000000| PB 0x000000073c000000| Complete 
| 455|0x000000073c200000, 0x000000073c400000, 0x000000073c400000|100%| E|CS|TAMS 0x000000073c200000| PB 0x000000073c200000| Complete 
| 456|0x000000073c400000, 0x000000073c600000, 0x000000073c600000|100%| E|CS|TAMS 0x000000073c400000| PB 0x000000073c400000| Complete 
| 457|0x000000073c600000, 0x000000073c800000, 0x000000073c800000|100%| E|CS|TAMS 0x000000073c600000| PB 0x000000073c600000| Complete 
| 458|0x000000073c800000, 0x000000073ca00000, 0x000000073ca00000|100%| E|CS|TAMS 0x000000073c800000| PB 0x000000073c800000| Complete 
| 459|0x000000073ca00000, 0x000000073cc00000, 0x000000073cc00000|100%| E|CS|TAMS 0x000000073ca00000| PB 0x000000073ca00000| Complete 
| 460|0x000000073cc00000, 0x000000073ce00000, 0x000000073ce00000|100%| E|CS|TAMS 0x000000073cc00000| PB 0x000000073cc00000| Complete 
| 461|0x000000073ce00000, 0x000000073d000000, 0x000000073d000000|100%| E|CS|TAMS 0x000000073ce00000| PB 0x000000073ce00000| Complete 
| 462|0x000000073d000000, 0x000000073d200000, 0x000000073d200000|100%| E|CS|TAMS 0x000000073d000000| PB 0x000000073d000000| Complete 
| 463|0x000000073d200000, 0x000000073d400000, 0x000000073d400000|100%| E|CS|TAMS 0x000000073d200000| PB 0x000000073d200000| Complete 
| 464|0x000000073d400000, 0x000000073d600000, 0x000000073d600000|100%| E|CS|TAMS 0x000000073d400000| PB 0x000000073d400000| Complete 
| 465|0x000000073d600000, 0x000000073d800000, 0x000000073d800000|100%| E|CS|TAMS 0x000000073d600000| PB 0x000000073d600000| Complete 
| 466|0x000000073d800000, 0x000000073da00000, 0x000000073da00000|100%| E|CS|TAMS 0x000000073d800000| PB 0x000000073d800000| Complete 
| 467|0x000000073da00000, 0x000000073dc00000, 0x000000073dc00000|100%| E|CS|TAMS 0x000000073da00000| PB 0x000000073da00000| Complete 
| 468|0x000000073dc00000, 0x000000073de00000, 0x000000073de00000|100%| E|CS|TAMS 0x000000073dc00000| PB 0x000000073dc00000| Complete 
| 469|0x000000073de00000, 0x000000073e000000, 0x000000073e000000|100%| E|CS|TAMS 0x000000073de00000| PB 0x000000073de00000| Complete 
| 470|0x000000073e000000, 0x000000073e200000, 0x000000073e200000|100%| E|CS|TAMS 0x000000073e000000| PB 0x000000073e000000| Complete 
| 471|0x000000073e200000, 0x000000073e400000, 0x000000073e400000|100%| E|CS|TAMS 0x000000073e200000| PB 0x000000073e200000| Complete 
| 472|0x000000073e400000, 0x000000073e600000, 0x000000073e600000|100%| E|CS|TAMS 0x000000073e400000| PB 0x000000073e400000| Complete 
| 473|0x000000073e600000, 0x000000073e800000, 0x000000073e800000|100%| E|CS|TAMS 0x000000073e600000| PB 0x000000073e600000| Complete 
| 474|0x000000073e800000, 0x000000073ea00000, 0x000000073ea00000|100%| E|CS|TAMS 0x000000073e800000| PB 0x000000073e800000| Complete 
| 475|0x000000073ea00000, 0x000000073ec00000, 0x000000073ec00000|100%| E|CS|TAMS 0x000000073ea00000| PB 0x000000073ea00000| Complete 
| 476|0x000000073ec00000, 0x000000073ee00000, 0x000000073ee00000|100%| E|CS|TAMS 0x000000073ec00000| PB 0x000000073ec00000| Complete 
| 477|0x000000073ee00000, 0x000000073f000000, 0x000000073f000000|100%| E|CS|TAMS 0x000000073ee00000| PB 0x000000073ee00000| Complete 
| 478|0x000000073f000000, 0x000000073f200000, 0x000000073f200000|100%| E|CS|TAMS 0x000000073f000000| PB 0x000000073f000000| Complete 
| 479|0x000000073f200000, 0x000000073f400000, 0x000000073f400000|100%| E|CS|TAMS 0x000000073f200000| PB 0x000000073f200000| Complete 
| 480|0x000000073f400000, 0x000000073f600000, 0x000000073f600000|100%| E|CS|TAMS 0x000000073f400000| PB 0x000000073f400000| Complete 
| 481|0x000000073f600000, 0x000000073f800000, 0x000000073f800000|100%| E|CS|TAMS 0x000000073f600000| PB 0x000000073f600000| Complete 
| 482|0x000000073f800000, 0x000000073fa00000, 0x000000073fa00000|100%| E|CS|TAMS 0x000000073f800000| PB 0x000000073f800000| Complete 
| 483|0x000000073fa00000, 0x000000073fc00000, 0x000000073fc00000|100%| E|CS|TAMS 0x000000073fa00000| PB 0x000000073fa00000| Complete 
|2009|0x00000007fe600000, 0x00000007fe800000, 0x00000007fe800000|100%| O|  |TAMS 0x00000007fe600000| PB 0x00000007fe600000| Untracked 
|2010|0x00000007fe800000, 0x00000007fea00000, 0x00000007fea00000|100%| O|Cm|TAMS 0x00000007fe800000| PB 0x00000007fe800000| Complete 
|2011|0x00000007fea00000, 0x00000007fec00000, 0x00000007fec00000|100%| O|Cm|TAMS 0x00000007fea00000| PB 0x00000007fea00000| Complete 
|2012|0x00000007fec00000, 0x00000007fee00000, 0x00000007fee00000|100%| S|CS|TAMS 0x00000007fec00000| PB 0x00000007fec00000| Complete 
|2013|0x00000007fee00000, 0x00000007ff000000, 0x00000007ff000000|100%| O|  |TAMS 0x00000007fee00000| PB 0x00000007fee00000| Untracked 
|2014|0x00000007ff000000, 0x00000007ff200000, 0x00000007ff200000|100%| O|  |TAMS 0x00000007ff000000| PB 0x00000007ff000000| Untracked 
|2015|0x00000007ff200000, 0x00000007ff400000, 0x00000007ff400000|100%| O|  |TAMS 0x00000007ff200000| PB 0x00000007ff200000| Untracked 
|2016|0x00000007ff400000, 0x00000007ff600000, 0x00000007ff600000|100%| O|  |TAMS 0x00000007ff400000| PB 0x00000007ff400000| Untracked 
|2017|0x00000007ff600000, 0x00000007ff800000, 0x00000007ff800000|100%| O|  |TAMS 0x00000007ff600000| PB 0x00000007ff600000| Untracked 
|2018|0x00000007ff800000, 0x00000007ffa00000, 0x00000007ffa00000|100%| S|CS|TAMS 0x00000007ff800000| PB 0x00000007ff800000| Complete 
|2019|0x00000007ffa00000, 0x00000007ffc00000, 0x00000007ffc00000|100%| E|CS|TAMS 0x00000007ffa00000| PB 0x00000007ffa00000| Complete 
|2020|0x00000007ffc00000, 0x00000007ffe00000, 0x00000007ffe00000|100%| O|  |TAMS 0x00000007ffc00000| PB 0x00000007ffc00000| Untracked 
|2021|0x00000007ffe00000, 0x0000000800000000, 0x0000000800000000|100%| E|CS|TAMS 0x00000007ffe00000| PB 0x00000007ffe00000| Complete 

Card table byte_map: [0x00000197dd6e0000,0x00000197dded0000] _byte_map_base: 0x00000197d9ec6000

Marking Bits: (CMBitMap*) 0x00000197c5325690
 Bits: [0x00000197dded0000, 0x00000197e1e00000)

Polling page: 0x00000197c2f80000

Metaspace:

Usage:
  Non-class:     30.78 MB used.
      Class:      4.77 MB used.
       Both:     35.55 MB used.

Virtual space:
  Non-class space:       64.00 MB reserved,      31.00 MB ( 48%) committed,  1 nodes.
      Class space:        1.00 GB reserved,       5.00 MB ( <1%) committed,  1 nodes.
             Both:        1.06 GB reserved,      36.00 MB (  3%) committed. 

Chunk freelists:
   Non-Class:  973.00 KB
       Class:  11.04 MB
        Both:  11.99 MB

MaxMetaspaceSize: unlimited
CompressedClassSpaceSize: 1.00 GB
Initial GC threshold: 21.00 MB
Current GC threshold: 59.50 MB
CDS: on
 - commit_granule_bytes: 65536.
 - commit_granule_words: 8192.
 - virtual_space_node_default_size: 8388608.
 - enlarge_chunks_in_place: 1.
 - use_allocation_guard: 0.


Internal statistics:

num_allocs_failed_limit: 3.
num_arena_births: 564.
num_arena_deaths: 0.
num_vsnodes_births: 2.
num_vsnodes_deaths: 0.
num_space_committed: 576.
num_space_uncommitted: 0.
num_chunks_returned_to_freelist: 3.
num_chunks_taken_from_freelist: 1700.
num_chunk_merges: 3.
num_chunk_splits: 1164.
num_chunks_enlarged: 868.
num_inconsistent_stats: 0.

CodeHeap 'non-profiled nmethods': size=120000Kb used=8052Kb max_used=8052Kb free=111947Kb
 bounds [0x00000197d5470000, 0x00000197d5c50000, 0x00000197dc9a0000]
CodeHeap 'profiled nmethods': size=120000Kb used=18968Kb max_used=18968Kb free=101031Kb
 bounds [0x00000197cd9a0000, 0x00000197cec50000, 0x00000197d4ed0000]
CodeHeap 'non-nmethods': size=5760Kb used=2020Kb max_used=2105Kb free=3739Kb
 bounds [0x00000197d4ed0000, 0x00000197d5140000, 0x00000197d5470000]
 total_blobs=10232 nmethods=9254 adapters=881
 compilation: enabled
              stopped_count=0, restarted_count=0
 full_count=0

Compilation events (20 events):
Event: 1410.203 Thread 0x00000197e432d640 nmethod 12405 0x00000197cdcdee90 code [0x00000197cdcdf040, 0x00000197cdcdf1b0]
Event: 1410.207 Thread 0x00000197e4326c50 nmethod 12401 0x00000197d5c3e510 code [0x00000197d5c3e780, 0x00000197d5c3fa28]
Event: 1410.207 Thread 0x00000197e4326c50 12402       4       java.util.Locale::hashCode (41 bytes)
Event: 1410.208 Thread 0x00000197e4326c50 nmethod 12402 0x00000197d5c40490 code [0x00000197d5c40620, 0x00000197d5c40730]
Event: 1410.210 Thread 0x00000197e4326c50 12406       4       javafx.scene.text.Text::needsFullTextLayout (44 bytes)
Event: 1410.212 Thread 0x00000197e432d640 12407       3       javafx.scene.shape.Path::<init> (56 bytes)
Event: 1410.214 Thread 0x00000197e432d640 nmethod 12407 0x00000197cdcdc690 code [0x00000197cdcdca40, 0x00000197cdcde5d8]
Event: 1410.214 Thread 0x00000197e432d640 12408       3       com.sun.javafx.scene.shape.PathHelper::initHelper (8 bytes)
Event: 1410.214 Thread 0x00000197e432d640 nmethod 12408 0x00000197cdcdc090 code [0x00000197cdcdc240, 0x00000197cdcdc510]
Event: 1410.220 Thread 0x00000197e4326c50 nmethod 12406 0x00000197d5c40810 code [0x00000197d5c40a60, 0x00000197d5c41230]
Event: 1410.220 Thread 0x00000197e4326c50 12410   !   4       com.sun.javafx.text.PrismTextLayout::layout (1636 bytes)
Event: 1410.415 Thread 0x00000197e4326c50 nmethod 12410 0x00000197d5c41890 code [0x00000197d5c41f00, 0x00000197d5c48408]
Event: 1410.416 Thread 0x00000197e4326c50 12411       4       com.sun.glass.ui.Window::getScreen (8 bytes)
Event: 1410.417 Thread 0x00000197e4326c50 nmethod 12411 0x00000197d5c4bf90 code [0x00000197d5c4c100, 0x00000197d5c4c1d8]
Event: 1410.417 Thread 0x00000197e4326c50 12409       4       javafx.beans.property.ObjectPropertyBase::addListener (14 bytes)
Event: 1410.420 Thread 0x00000197e4326c50 nmethod 12409 0x00000197d5c4c290 code [0x00000197d5c4c420, 0x00000197d5c4c728]
Event: 1418.093 Thread 0x00000197e4326c50 12412       4       com.sun.javafx.collections.VetoableListDecorator$VetoableIteratorDecorator::next (31 bytes)
Event: 1418.096 Thread 0x00000197e4326c50 nmethod 12412 0x00000197d5c4c890 code [0x00000197d5c4ca40, 0x00000197d5c4ccb8]
Event: 1438.984 Thread 0x00000197e432d640 12413       1       java.util.logging.LogManager$LoggerContext::getOwner (5 bytes)
Event: 1438.985 Thread 0x00000197e432d640 nmethod 12413 0x00000197d5c4cf10 code [0x00000197d5c4d0a0, 0x00000197d5c4d170]

GC Heap History (20 events):
Event: 130.536 GC heap before
{Heap before GC invocations=27 (full 0):
 garbage-first heap   total 491520K, used 351118K [0x0000000703400000, 0x0000000800000000)
  region size 2048K, 14 young (28672K), 2 survivors (4096K)
 Metaspace       used 34540K, committed 35008K, reserved 1114112K
  class space    used 4714K, committed 4928K, reserved 1048576K
}
Event: 130.542 GC heap after
{Heap after GC invocations=28 (full 0):
 garbage-first heap   total 491520K, used 310458K [0x0000000703400000, 0x0000000800000000)
  region size 2048K, 2 young (4096K), 2 survivors (4096K)
 Metaspace       used 34540K, committed 35008K, reserved 1114112K
  class space    used 4714K, committed 4928K, reserved 1048576K
}
Event: 183.083 GC heap before
{Heap before GC invocations=28 (full 0):
 garbage-first heap   total 491520K, used 455866K [0x0000000703400000, 0x0000000800000000)
  region size 2048K, 62 young (126976K), 2 survivors (4096K)
 Metaspace       used 34746K, committed 35136K, reserved 1114112K
  class space    used 4725K, committed 4928K, reserved 1048576K
}
Event: 183.089 GC heap after
{Heap after GC invocations=29 (full 0):
 garbage-first heap   total 491520K, used 320009K [0x0000000703400000, 0x0000000800000000)
  region size 2048K, 4 young (8192K), 4 survivors (8192K)
 Metaspace       used 34746K, committed 35136K, reserved 1114112K
  class space    used 4725K, committed 4928K, reserved 1048576K
}
Event: 197.584 GC heap before
{Heap before GC invocations=29 (full 0):
 garbage-first heap   total 491520K, used 358921K [0x0000000703400000, 0x0000000800000000)
  region size 2048K, 25 young (51200K), 4 survivors (8192K)
 Metaspace       used 35365K, committed 35840K, reserved 1114112K
  class space    used 4848K, committed 5056K, reserved 1048576K
}
Event: 197.590 GC heap after
{Heap after GC invocations=30 (full 0):
 garbage-first heap   total 491520K, used 316799K [0x0000000703400000, 0x0000000800000000)
  region size 2048K, 7 young (14336K), 7 survivors (14336K)
 Metaspace       used 35365K, committed 35840K, reserved 1114112K
  class space    used 4848K, committed 5056K, reserved 1048576K
}
Event: 198.793 GC heap before
{Heap before GC invocations=31 (full 0):
 garbage-first heap   total 565248K, used 560511K [0x0000000703400000, 0x0000000800000000)
  region size 2048K, 16 young (32768K), 7 survivors (14336K)
 Metaspace       used 35493K, committed 35904K, reserved 1114112K
  class space    used 4849K, committed 5056K, reserved 1048576K
}
Event: 198.808 GC heap after
{Heap after GC invocations=32 (full 0):
 garbage-first heap   total 587776K, used 460374K [0x0000000703400000, 0x0000000800000000)
  region size 2048K, 9 young (18432K), 9 survivors (18432K)
 Metaspace       used 35493K, committed 35904K, reserved 1114112K
  class space    used 4849K, committed 5056K, reserved 1048576K
}
Event: 199.309 GC heap before
{Heap before GC invocations=32 (full 0):
 garbage-first heap   total 593920K, used 591446K [0x0000000703400000, 0x0000000800000000)
  region size 2048K, 13 young (26624K), 9 survivors (18432K)
 Metaspace       used 35584K, committed 36032K, reserved 1114112K
  class space    used 4849K, committed 5056K, reserved 1048576K
}
Event: 199.316 GC heap after
{Heap after GC invocations=33 (full 0):
 garbage-first heap   total 612352K, used 519396K [0x0000000703400000, 0x0000000800000000)
  region size 2048K, 4 young (8192K), 4 survivors (8192K)
 Metaspace       used 35584K, committed 36032K, reserved 1114112K
  class space    used 4849K, committed 5056K, reserved 1048576K
}
Event: 199.328 GC heap before
{Heap before GC invocations=33 (full 0):
 garbage-first heap   total 612352K, used 519396K [0x0000000703400000, 0x0000000800000000)
  region size 2048K, 5 young (10240K), 4 survivors (8192K)
 Metaspace       used 35590K, committed 36032K, reserved 1114112K
  class space    used 4849K, committed 5056K, reserved 1048576K
}
Event: 199.330 GC heap after
{Heap after GC invocations=34 (full 0):
 garbage-first heap   total 612352K, used 518957K [0x0000000703400000, 0x0000000800000000)
  region size 2048K, 1 young (2048K), 1 survivors (2048K)
 Metaspace       used 35590K, committed 36032K, reserved 1114112K
  class space    used 4849K, committed 5056K, reserved 1048576K
}
Event: 217.820 GC heap before
{Heap before GC invocations=35 (full 0):
 garbage-first heap   total 884736K, used 705325K [0x0000000703400000, 0x0000000800000000)
  region size 2048K, 22 young (45056K), 1 survivors (2048K)
 Metaspace       used 35696K, committed 36096K, reserved 1114112K
  class space    used 4850K, committed 5056K, reserved 1048576K
}
Event: 217.834 GC heap after
{Heap after GC invocations=36 (full 0):
 garbage-first heap   total 884736K, used 597214K [0x0000000703400000, 0x0000000800000000)
  region size 2048K, 3 young (6144K), 3 survivors (6144K)
 Metaspace       used 35696K, committed 36096K, reserved 1114112K
  class space    used 4850K, committed 5056K, reserved 1048576K
}
Event: 723.934 GC heap before
{Heap before GC invocations=36 (full 0):
 garbage-first heap   total 884736K, used 804062K [0x0000000703400000, 0x0000000800000000)
  region size 2048K, 104 young (212992K), 3 survivors (6144K)
 Metaspace       used 35749K, committed 36160K, reserved 1114112K
  class space    used 4850K, committed 5056K, reserved 1048576K
}
Event: 723.952 GC heap after
{Heap after GC invocations=37 (full 0):
 garbage-first heap   total 884736K, used 597731K [0x0000000703400000, 0x0000000800000000)
  region size 2048K, 4 young (8192K), 4 survivors (8192K)
 Metaspace       used 35749K, committed 36160K, reserved 1114112K
  class space    used 4850K, committed 5056K, reserved 1048576K
}
Event: 1300.465 GC heap before
{Heap before GC invocations=37 (full 0):
 garbage-first heap   total 892928K, used 855779K [0x0000000703400000, 0x0000000800000000)
  region size 2048K, 116 young (237568K), 4 survivors (8192K)
 Metaspace       used 36023K, committed 36480K, reserved 1114112K
  class space    used 4872K, committed 5120K, reserved 1048576K
}
Event: 1300.478 GC heap after
{Heap after GC invocations=38 (full 0):
 garbage-first heap   total 892928K, used 600075K [0x0000000703400000, 0x0000000800000000)
  region size 2048K, 5 young (10240K), 5 survivors (10240K)
 Metaspace       used 36023K, committed 36480K, reserved 1114112K
  class space    used 4872K, committed 5120K, reserved 1048576K
}
Event: 1300.559 GC heap before
{Heap before GC invocations=38 (full 0):
 garbage-first heap   total 892928K, used 602123K [0x0000000703400000, 0x0000000800000000)
  region size 2048K, 7 young (14336K), 5 survivors (10240K)
 Metaspace       used 36056K, committed 36544K, reserved 1114112K
  class space    used 4872K, committed 5120K, reserved 1048576K
}
Event: 1300.563 GC heap after
{Heap after GC invocations=39 (full 0):
 garbage-first heap   total 892928K, used 599091K [0x0000000703400000, 0x0000000800000000)
  region size 2048K, 5 young (10240K), 5 survivors (10240K)
 Metaspace       used 36056K, committed 36544K, reserved 1114112K
  class space    used 4872K, committed 5120K, reserved 1048576K
}

Dll operation events (20 events):
Event: 0.940 Loaded shared library C:\Users\Admin\.openjfx\cache\21+31\amd64\api-ms-win-crt-multibyte-l1-1-0.dll
Event: 0.946 Loaded shared library C:\Users\Admin\.openjfx\cache\21+31\amd64\api-ms-win-crt-private-l1-1-0.dll
Event: 0.950 Loaded shared library C:\Users\Admin\.openjfx\cache\21+31\amd64\api-ms-win-crt-process-l1-1-0.dll
Event: 0.956 Loaded shared library C:\Users\Admin\.openjfx\cache\21+31\amd64\api-ms-win-crt-runtime-l1-1-0.dll
Event: 0.960 Loaded shared library C:\Users\Admin\.openjfx\cache\21+31\amd64\api-ms-win-crt-stdio-l1-1-0.dll
Event: 0.966 Loaded shared library C:\Users\Admin\.openjfx\cache\21+31\amd64\api-ms-win-crt-string-l1-1-0.dll
Event: 0.970 Loaded shared library C:\Users\Admin\.openjfx\cache\21+31\amd64\api-ms-win-crt-time-l1-1-0.dll
Event: 0.975 Loaded shared library C:\Users\Admin\.openjfx\cache\21+31\amd64\api-ms-win-crt-utility-l1-1-0.dll
Event: 1.000 Loaded shared library C:\Users\Admin\.openjfx\cache\21+31\amd64\ucrtbase.dll
Event: 1.006 Loaded shared library C:\Users\Admin\.openjfx\cache\21+31\amd64\vcruntime140.dll
Event: 1.011 Loaded shared library C:\Users\Admin\.openjfx\cache\21+31\amd64\vcruntime140_1.dll
Event: 1.027 Loaded shared library C:\Users\Admin\.openjfx\cache\21+31\amd64\msvcp140.dll
Event: 1.032 Loaded shared library C:\Users\Admin\.openjfx\cache\21+31\amd64\msvcp140_1.dll
Event: 1.041 Loaded shared library C:\Users\Admin\.openjfx\cache\21+31\amd64\msvcp140_2.dll
Event: 1.110 Loaded shared library C:\Users\Admin\.openjfx\cache\21+31\amd64\prism_d3d.dll
Event: 1.204 Loaded shared library C:\Users\Admin\.openjfx\cache\21+31\amd64\glass.dll
Event: 1.520 Loaded shared library C:\Users\Admin\.jdks\corretto-21.0.4\bin\jimage.dll
Event: 1.899 Loaded shared library C:\Users\Admin\.jdks\corretto-21.0.4\bin\sunmscapi.dll
Event: 3.835 Loaded shared library C:\Users\Admin\.openjfx\cache\21+31\amd64\javafx_font.dll
Event: 120.444 Loaded shared library C:\Users\Admin\.openjfx\cache\21+31\amd64\javafx_iio.dll

Deoptimization events (20 events):
Event: 1408.322 Thread 0x00000197e9691500 Uncommon trap: trap_request=0xffffffc6 fr.pc=0x00000197d5c02e14 relative=0x0000000000000494
Event: 1408.322 Thread 0x00000197e9691500 Uncommon trap: reason=bimorphic_or_optimized_type_check action=maybe_recompile pc=0x00000197d5c02e14 method=java.util.regex.Matcher.match(II)Z @ 121 c2
Event: 1408.322 Thread 0x00000197e9691500 DEOPT PACKING pc=0x00000197d5c02e14 sp=0x0000002cecef7300
Event: 1408.322 Thread 0x00000197e9691500 DEOPT UNPACKING pc=0x00000197d4f246a2 sp=0x0000002cecef7278 mode 2
Event: 1408.322 Thread 0x00000197e9691500 Uncommon trap: trap_request=0xffffffc6 fr.pc=0x00000197d5c02e14 relative=0x0000000000000494
Event: 1408.322 Thread 0x00000197e9691500 Uncommon trap: reason=bimorphic_or_optimized_type_check action=maybe_recompile pc=0x00000197d5c02e14 method=java.util.regex.Matcher.match(II)Z @ 121 c2
Event: 1408.322 Thread 0x00000197e9691500 DEOPT PACKING pc=0x00000197d5c02e14 sp=0x0000002cecef7300
Event: 1408.322 Thread 0x00000197e9691500 DEOPT UNPACKING pc=0x00000197d4f246a2 sp=0x0000002cecef7278 mode 2
Event: 1438.983 Thread 0x00000197e431ec70 Uncommon trap: trap_request=0xffffff45 fr.pc=0x00000197d58e1f40 relative=0x0000000000000ba0
Event: 1438.983 Thread 0x00000197e431ec70 Uncommon trap: reason=unstable_if action=reinterpret pc=0x00000197d58e1f40 method=java.security.AccessControlContext.optimize()Ljava/security/AccessControlContext; @ 65 c2
Event: 1438.983 Thread 0x00000197e431ec70 DEOPT PACKING pc=0x00000197d58e1f40 sp=0x0000002cec6feff0
Event: 1438.983 Thread 0x00000197e431ec70 DEOPT UNPACKING pc=0x00000197d4f246a2 sp=0x0000002cec6fef60 mode 2
Event: 1438.986 Thread 0x00000197e96d0520 Uncommon trap: trap_request=0xffffff45 fr.pc=0x00000197d5820fbc relative=0x000000000000055c
Event: 1438.986 Thread 0x00000197e96d0520 Uncommon trap: reason=unstable_if action=reinterpret pc=0x00000197d5820fbc method=java.util.concurrent.locks.AbstractQueuedSynchronizer$ConditionNode.isReleasable()Z @ 14 c2
Event: 1438.986 Thread 0x00000197e96d0520 DEOPT PACKING pc=0x00000197d5820fbc sp=0x0000002cecdff3f0
Event: 1438.986 Thread 0x00000197e96d0520 DEOPT UNPACKING pc=0x00000197d4f246a2 sp=0x0000002cecdff218 mode 2
Event: 1438.986 Thread 0x00000197e96d0520 Uncommon trap: trap_request=0xffffffde fr.pc=0x00000197d5a34f70 relative=0x0000000000000bb0
Event: 1438.986 Thread 0x00000197e96d0520 Uncommon trap: reason=class_check action=maybe_recompile pc=0x00000197d5a34f70 method=java.util.concurrent.ThreadPoolExecutor.getTask()Ljava/lang/Runnable; @ 31 c2
Event: 1438.986 Thread 0x00000197e96d0520 DEOPT PACKING pc=0x00000197d5a34f70 sp=0x0000002cecdff470
Event: 1438.986 Thread 0x00000197e96d0520 DEOPT UNPACKING pc=0x00000197d4f246a2 sp=0x0000002cecdff438 mode 2

Classes loaded (20 events):
Event: 93.735 Loading class java/io/Console
Event: 93.737 Loading class java/io/Console done
Event: 93.738 Loading class sun/text/resources/cldr/FormatData_en
Event: 93.738 Loading class sun/text/resources/cldr/FormatData_en done
Event: 93.739 Loading class sun/text/resources/cldr/FormatData_en_US
Event: 93.739 Loading class sun/text/resources/cldr/FormatData_en_US done
Event: 170.299 Loading class java/nio/charset/CharacterCodingException
Event: 170.299 Loading class java/nio/charset/CharacterCodingException done
Event: 170.300 Loading class jdk/internal/loader/BootLoader$PackageHelper
Event: 170.300 Loading class jdk/internal/loader/BootLoader$PackageHelper done
Event: 1293.349 Loading class java/text/ParsePosition
Event: 1293.349 Loading class java/text/ParsePosition done
Event: 1293.349 Loading class java/time/format/DateTimeParseContext
Event: 1293.349 Loading class java/time/format/DateTimeParseContext done
Event: 1293.349 Loading class java/time/format/Parsed
Event: 1293.349 Loading class java/time/format/Parsed done
Event: 1408.340 Loading class sun/nio/fs/WindowsFileCopy
Event: 1408.340 Loading class sun/nio/fs/WindowsFileCopy done
Event: 1438.983 Loading class jdk/internal/misc/Signal$1
Event: 1438.983 Loading class jdk/internal/misc/Signal$1 done

Classes unloaded (0 events):
No events

Classes redefined (0 events):
No events

Internal exceptions (20 events):
Event: 200.143 Thread 0x00000197e9691500 Exception <a 'java/io/FileNotFoundException'{0x00000007377ea188}> (0x00000007377ea188) 
thrown [s\src\hotspot\share\prims\jni.cpp, line 520]
Event: 200.146 Thread 0x00000197e9691500 Exception <a 'java/io/FileNotFoundException'{0x0000000737436728}> (0x0000000737436728) 
thrown [s\src\hotspot\share\prims\jni.cpp, line 520]
Event: 1293.308 Thread 0x00000197e9691500 Exception <a 'java/io/FileNotFoundException'{0x000000072bcfb190}> (0x000000072bcfb190) 
thrown [s\src\hotspot\share\prims\jni.cpp, line 520]
Event: 1293.388 Thread 0x00000197e9691500 Exception <a 'java/net/SocketException'{0x000000072b8aee30}: Connection reset by peer: shutdown> (0x000000072b8aee30) 
thrown [s\src\hotspot\share\prims\jni.cpp, line 539]
Event: 1293.528 Thread 0x00000197e9691500 Exception <a 'java/io/IOException'{0x000000072b7c9a38}> (0x000000072b7c9a38) 
thrown [s\src\hotspot\share\prims\jni.cpp, line 520]
Event: 1293.529 Thread 0x00000197e9691500 Exception <a 'java/lang/NoSuchMethodError'{0x000000072b7d1668}: 'java.lang.Object java.lang.invoke.DirectMethodHandle$Holder.invokeSpecial(java.lang.Object, java.lang.Object, double, int)'> (0x000000072b7d1668) 
thrown [s\src\hotspot\share\interpreter\linkResolver.cpp, line 773]
Event: 1293.529 Thread 0x00000197e9691500 Exception <a 'java/io/FileNotFoundException'{0x000000072b7d99e8}> (0x000000072b7d99e8) 
thrown [s\src\hotspot\share\prims\jni.cpp, line 520]
Event: 1296.980 Thread 0x00000197e9691500 Exception <a 'java/io/FileNotFoundException'{0x0000000729ec6c48}> (0x0000000729ec6c48) 
thrown [s\src\hotspot\share\prims\jni.cpp, line 520]
Event: 1296.983 Thread 0x00000197e9691500 Exception <a 'java/io/FileNotFoundException'{0x0000000729ef9548}> (0x0000000729ef9548) 
thrown [s\src\hotspot\share\prims\jni.cpp, line 520]
Event: 1300.431 Thread 0x00000197e9691500 Exception <a 'java/io/FileNotFoundException'{0x0000000728fc6408}> (0x0000000728fc6408) 
thrown [s\src\hotspot\share\prims\jni.cpp, line 520]
Event: 1300.640 Thread 0x00000197e9691500 Exception <a 'java/net/SocketException'{0x00000007ffe9c8a0}: Connection reset by peer: shutdown> (0x00000007ffe9c8a0) 
thrown [s\src\hotspot\share\prims\jni.cpp, line 539]
Event: 1300.640 Thread 0x00000197e9691500 Exception <a 'java/io/FileNotFoundException'{0x00000007ffe9f1a8}> (0x00000007ffe9f1a8) 
thrown [s\src\hotspot\share\prims\jni.cpp, line 520]
Event: 1351.357 Thread 0x00000197e9691500 Exception <a 'java/io/FileNotFoundException'{0x000000073d8d2230}> (0x000000073d8d2230) 
thrown [s\src\hotspot\share\prims\jni.cpp, line 520]
Event: 1374.190 Thread 0x00000197f06dc510 Exception <a 'java/net/SocketException'{0x000000073c824550}: Connection reset by peer: shutdown> (0x000000073c824550) 
thrown [s\src\hotspot\share\prims\jni.cpp, line 539]
Event: 1374.196 Thread 0x00000197e9691500 Exception <a 'java/io/FileNotFoundException'{0x000000073cf85898}> (0x000000073cf85898) 
thrown [s\src\hotspot\share\prims\jni.cpp, line 520]
Event: 1381.118 Thread 0x00000197e9691500 Exception <a 'java/io/FileNotFoundException'{0x000000073beae9d0}> (0x000000073beae9d0) 
thrown [s\src\hotspot\share\prims\jni.cpp, line 520]
Event: 1391.993 Thread 0x00000197e9691500 Exception <a 'java/io/FileNotFoundException'{0x000000073aeeb4d8}> (0x000000073aeeb4d8) 
thrown [s\src\hotspot\share\prims\jni.cpp, line 520]
Event: 1408.340 Thread 0x00000197e9691500 Exception <a 'sun/nio/fs/WindowsException'{0x000000073a79e640}> (0x000000073a79e640) 
thrown [s\src\hotspot\share\prims\jni.cpp, line 520]
Event: 1410.164 Thread 0x00000197e9691500 Exception <a 'java/io/FileNotFoundException'{0x000000073a4f9e00}> (0x000000073a4f9e00) 
thrown [s\src\hotspot\share\prims\jni.cpp, line 520]
Event: 1438.983 Thread 0x00000197e431ec70 Implicit null exception at 0x00000197d58e1413 to 0x00000197d58e1f1c

ZGC Phase Switch (0 events):
No events

VM Operations (20 events):
Event: 1381.642 Executing VM operation: Cleanup done
Event: 1382.732 Executing VM operation: HandshakeAllThreads (HandshakeForDeflation)
Event: 1382.732 Executing VM operation: HandshakeAllThreads (HandshakeForDeflation) done
Event: 1382.732 Executing VM operation: RendezvousGCThreads
Event: 1382.732 Executing VM operation: RendezvousGCThreads done
Event: 1388.735 Executing VM operation: Cleanup
Event: 1388.736 Executing VM operation: Cleanup done
Event: 1392.738 Executing VM operation: Cleanup
Event: 1392.738 Executing VM operation: Cleanup done
Event: 1393.738 Executing VM operation: Cleanup
Event: 1393.738 Executing VM operation: Cleanup done
Event: 1407.744 Executing VM operation: Cleanup
Event: 1407.744 Executing VM operation: Cleanup done
Event: 1408.745 Executing VM operation: Cleanup
Event: 1408.745 Executing VM operation: Cleanup done
Event: 1410.746 Executing VM operation: Cleanup
Event: 1410.746 Executing VM operation: Cleanup done
Event: 1418.749 Executing VM operation: Cleanup
Event: 1418.749 Executing VM operation: Cleanup done
Event: 1438.987 Executing VM operation: Exit

Memory protections (0 events):
No events

Nmethod flushes (20 events):
Event: 1300.595 Thread 0x00000197e42fd240 flushing  nmethod 0x00000197ce14ad90
Event: 1300.595 Thread 0x00000197e42fd240 flushing  nmethod 0x00000197ce244390
Event: 1300.595 Thread 0x00000197e42fd240 flushing  nmethod 0x00000197d5492010
Event: 1300.595 Thread 0x00000197e42fd240 flushing  nmethod 0x00000197cde6c210
Event: 1300.595 Thread 0x00000197e42fd240 flushing  nmethod 0x00000197cde6c890
Event: 1300.595 Thread 0x00000197e42fd240 flushing  nmethod 0x00000197cde6fb90
Event: 1300.595 Thread 0x00000197e42fd240 flushing  nmethod 0x00000197ce424e90
Event: 1300.595 Thread 0x00000197e42fd240 flushing  nmethod 0x00000197ceb61c90
Event: 1300.595 Thread 0x00000197e42fd240 flushing  nmethod 0x00000197ce4c2410
Event: 1300.595 Thread 0x00000197e42fd240 flushing  nmethod 0x00000197ceb97590
Event: 1300.595 Thread 0x00000197e42fd240 flushing  nmethod 0x00000197ce160590
Event: 1300.595 Thread 0x00000197e42fd240 flushing  nmethod 0x00000197ce164f90
Event: 1300.595 Thread 0x00000197e42fd240 flushing  nmethod 0x00000197ce168210
Event: 1300.595 Thread 0x00000197e42fd240 flushing  nmethod 0x00000197cdd06d10
Event: 1300.595 Thread 0x00000197e42fd240 flushing  nmethod 0x00000197d5495590
Event: 1300.595 Thread 0x00000197e42fd240 flushing  nmethod 0x00000197cdc43610
Event: 1300.595 Thread 0x00000197e42fd240 flushing  nmethod 0x00000197cdc7b110
Event: 1300.595 Thread 0x00000197e42fd240 flushing  nmethod 0x00000197cdc7d310
Event: 1300.595 Thread 0x00000197e42fd240 flushing  nmethod 0x00000197ce154e90
Event: 1300.595 Thread 0x00000197e42fd240 flushing  nmethod 0x00000197ce4b6590

Events (20 events):
Event: 1351.261 Thread 0x00000197e4326c50 Thread added: 0x00000197eff017c0
Event: 1351.262 Thread 0x00000197e4326c50 Thread added: 0x00000197eff01e90
Event: 1354.286 Thread 0x00000197eff01e90 Thread exited: 0x00000197eff01e90
Event: 1354.286 Thread 0x00000197eff017c0 Thread exited: 0x00000197eff017c0
Event: 1374.058 Thread 0x00000197e9691500 Thread added: 0x00000197f06dc510
Event: 1374.156 Thread 0x00000197e432d640 Thread added: 0x00000197eff017c0
Event: 1380.047 Thread 0x00000197eff017c0 Thread exited: 0x00000197eff017c0
Event: 1381.182 Thread 0x00000197e432d640 Thread added: 0x00000197eff017c0
Event: 1381.221 Thread 0x00000197e432d640 Thread added: 0x00000197eff01e90
Event: 1382.455 Thread 0x00000197eff01e90 Thread exited: 0x00000197eff01e90
Event: 1382.463 Thread 0x00000197eff017c0 Thread exited: 0x00000197eff017c0
Event: 1391.990 Thread 0x00000197e432d640 Thread added: 0x00000197eff017c0
Event: 1392.560 Thread 0x00000197eff017c0 Thread exited: 0x00000197eff017c0
Event: 1438.983 Thread 0x00000197e431ec70 Thread added: 0x00000197f06d8a00
Event: 1438.985 Thread 0x00000197f06d8a00 Thread added: 0x00000197f06d9db0
Event: 1438.985 Thread 0x00000197f06d8a00 Thread added: 0x00000197f06daad0
Event: 1438.986 Thread 0x00000197f06daad0 Thread exited: 0x00000197f06daad0
Event: 1438.986 Thread 0x00000197f06d9db0 Thread exited: 0x00000197f06d9db0
Event: 1438.986 Thread 0x00000197f06d8a00 Before exit entered
Event: 1438.987 Thread 0x00000197e431ec70 Thread exited: 0x00000197e431ec70


Dynamic libraries:
0x00007ff6103f0000 - 0x00007ff6103fe000 	C:\Users\Admin\.jdks\corretto-21.0.4\bin\java.exe
0x00007ffd51c90000 - 0x00007ffd51ea7000 	C:\WINDOWS\SYSTEM32\ntdll.dll
0x00007ffd50890000 - 0x00007ffd50954000 	C:\WINDOWS\System32\KERNEL32.DLL
0x00007ffd4f1d0000 - 0x00007ffd4f589000 	C:\WINDOWS\System32\KERNELBASE.dll
0x00007ffd4ef90000 - 0x00007ffd4f0a1000 	C:\WINDOWS\System32\ucrtbase.dll
0x00007ffd49a40000 - 0x00007ffd49a5b000 	C:\Users\Admin\.jdks\corretto-21.0.4\bin\VCRUNTIME140.dll
0x00007ffd4a990000 - 0x00007ffd4a9a8000 	C:\Users\Admin\.jdks\corretto-21.0.4\bin\jli.dll
0x00007ffd515b0000 - 0x00007ffd5175e000 	C:\WINDOWS\System32\USER32.dll
0x00007ffd4f980000 - 0x00007ffd4f9a6000 	C:\WINDOWS\System32\win32u.dll
0x00007ffd3c240000 - 0x00007ffd3c4d2000 	C:\WINDOWS\WinSxS\amd64_microsoft.windows.common-controls_6595b64144ccf1df_6.0.22621.4391_none_2715d37f73803e96\COMCTL32.dll
0x00007ffd51580000 - 0x00007ffd515a9000 	C:\WINDOWS\System32\GDI32.dll
0x00007ffd4f9b0000 - 0x00007ffd4fa57000 	C:\WINDOWS\System32\msvcrt.dll
0x00007ffd4f0b0000 - 0x00007ffd4f1cb000 	C:\WINDOWS\System32\gdi32full.dll
0x00007ffd4f590000 - 0x00007ffd4f62a000 	C:\WINDOWS\System32\msvcp_win.dll
0x00007ffd51c10000 - 0x00007ffd51c41000 	C:\WINDOWS\System32\IMM32.DLL
0x00007ffd4aa30000 - 0x00007ffd4aa3c000 	C:\Users\Admin\.jdks\corretto-21.0.4\bin\vcruntime140_1.dll
0x00007ffd45f70000 - 0x00007ffd45ffd000 	C:\Users\Admin\.jdks\corretto-21.0.4\bin\msvcp140.dll
0x00007ffd272d0000 - 0x00007ffd28066000 	C:\Users\Admin\.jdks\corretto-21.0.4\bin\server\jvm.dll
0x00007ffd4fcc0000 - 0x00007ffd4fd72000 	C:\WINDOWS\System32\ADVAPI32.dll
0x00007ffd50580000 - 0x00007ffd50627000 	C:\WINDOWS\System32\sechost.dll
0x00007ffd4f770000 - 0x00007ffd4f798000 	C:\WINDOWS\System32\bcrypt.dll
0x00007ffd506b0000 - 0x00007ffd507c4000 	C:\WINDOWS\System32\RPCRT4.dll
0x00007ffd50630000 - 0x00007ffd506a1000 	C:\WINDOWS\System32\WS2_32.dll
0x00007ffd4de20000 - 0x00007ffd4de6d000 	C:\WINDOWS\SYSTEM32\POWRPROF.dll
0x00007ffd49d10000 - 0x00007ffd49d44000 	C:\WINDOWS\SYSTEM32\WINMM.dll
0x00007ffd49890000 - 0x00007ffd4989a000 	C:\WINDOWS\SYSTEM32\VERSION.dll
0x00007ffd4de00000 - 0x00007ffd4de13000 	C:\WINDOWS\SYSTEM32\UMPDC.dll
0x00007ffd4e0c0000 - 0x00007ffd4e0d8000 	C:\WINDOWS\SYSTEM32\kernel.appcore.dll
0x00007ffd4a9e0000 - 0x00007ffd4a9ea000 	C:\Users\Admin\.jdks\corretto-21.0.4\bin\jimage.dll
0x00007ffd4c840000 - 0x00007ffd4ca72000 	C:\WINDOWS\SYSTEM32\DBGHELP.DLL
0x00007ffd51780000 - 0x00007ffd51b0f000 	C:\WINDOWS\System32\combase.dll
0x00007ffd50a60000 - 0x00007ffd50b37000 	C:\WINDOWS\System32\OLEAUT32.dll
0x00007ffd46940000 - 0x00007ffd46972000 	C:\WINDOWS\SYSTEM32\dbgcore.DLL
0x00007ffd4f630000 - 0x00007ffd4f6ab000 	C:\WINDOWS\System32\bcryptPrimitives.dll
0x00007ffd49cd0000 - 0x00007ffd49cde000 	C:\Users\Admin\.jdks\corretto-21.0.4\bin\instrument.dll
0x00007ffd499b0000 - 0x00007ffd499cf000 	C:\Users\Admin\.jdks\corretto-21.0.4\bin\java.dll
0x00007ffd50d00000 - 0x00007ffd51576000 	C:\WINDOWS\System32\SHELL32.dll
0x00007ffd4ced0000 - 0x00007ffd4d7d3000 	C:\WINDOWS\SYSTEM32\windows.storage.dll
0x00007ffd4cd90000 - 0x00007ffd4cecf000 	C:\WINDOWS\SYSTEM32\wintypes.dll
0x00007ffd50470000 - 0x00007ffd50569000 	C:\WINDOWS\System32\SHCORE.dll
0x00007ffd507d0000 - 0x00007ffd5082e000 	C:\WINDOWS\System32\shlwapi.dll
0x00007ffd4eec0000 - 0x00007ffd4eeeb000 	C:\WINDOWS\SYSTEM32\profapi.dll
0x00007ffd3b270000 - 0x00007ffd3b347000 	C:\Users\Admin\.jdks\corretto-21.0.4\bin\jsvml.dll
0x00007ffd49a30000 - 0x00007ffd49a40000 	C:\Users\Admin\.jdks\corretto-21.0.4\bin\net.dll
0x00007ffd49f60000 - 0x00007ffd4a096000 	C:\WINDOWS\SYSTEM32\WINHTTP.dll
0x00007ffd4e540000 - 0x00007ffd4e5a9000 	C:\WINDOWS\system32\mswsock.dll
0x00007ffd49900000 - 0x00007ffd49916000 	C:\Users\Admin\.jdks\corretto-21.0.4\bin\nio.dll
0x00007ffd47310000 - 0x00007ffd47328000 	C:\Users\Admin\.jdks\corretto-21.0.4\bin\zip.dll
0x00007ffd472f0000 - 0x00007ffd4730a000 	C:\Program Files\JetBrains\IntelliJ IDEA Community Edition 2024.2.1\bin\breakgen64.dll
0x00000197c32c0000 - 0x00000197c32c3000 	C:\Users\Admin\.openjfx\cache\21+31\amd64\api-ms-win-core-console-l1-1-0.dll
0x00000197c51b0000 - 0x00000197c51b3000 	C:\Users\Admin\.openjfx\cache\21+31\amd64\api-ms-win-core-console-l1-2-0.dll
0x00000197c51c0000 - 0x00000197c51c3000 	C:\Users\Admin\.openjfx\cache\21+31\amd64\api-ms-win-core-datetime-l1-1-0.dll
0x00000197c51d0000 - 0x00000197c51d3000 	C:\Users\Admin\.openjfx\cache\21+31\amd64\api-ms-win-core-debug-l1-1-0.dll
0x00000197c51e0000 - 0x00000197c51e3000 	C:\Users\Admin\.openjfx\cache\21+31\amd64\api-ms-win-core-errorhandling-l1-1-0.dll
0x00000197c51f0000 - 0x00000197c51f4000 	C:\Users\Admin\.openjfx\cache\21+31\amd64\api-ms-win-core-file-l1-1-0.dll
0x00000197c5200000 - 0x00000197c5203000 	C:\Users\Admin\.openjfx\cache\21+31\amd64\api-ms-win-core-file-l1-2-0.dll
0x00000197c5210000 - 0x00000197c5213000 	C:\Users\Admin\.openjfx\cache\21+31\amd64\api-ms-win-core-file-l2-1-0.dll
0x00000197c5220000 - 0x00000197c5223000 	C:\Users\Admin\.openjfx\cache\21+31\amd64\api-ms-win-core-handle-l1-1-0.dll
0x00000197c5230000 - 0x00000197c5233000 	C:\Users\Admin\.openjfx\cache\21+31\amd64\api-ms-win-core-heap-l1-1-0.dll
0x00000197c5240000 - 0x00000197c5243000 	C:\Users\Admin\.openjfx\cache\21+31\amd64\api-ms-win-core-interlocked-l1-1-0.dll
0x00000197c5250000 - 0x00000197c5253000 	C:\Users\Admin\.openjfx\cache\21+31\amd64\api-ms-win-core-libraryloader-l1-1-0.dll
0x00000197c5260000 - 0x00000197c5263000 	C:\Users\Admin\.openjfx\cache\21+31\amd64\api-ms-win-core-localization-l1-2-0.dll
0x00000197c5270000 - 0x00000197c5273000 	C:\Users\Admin\.openjfx\cache\21+31\amd64\api-ms-win-core-memory-l1-1-0.dll
0x00000197e4fb0000 - 0x00000197e4fb3000 	C:\Users\Admin\.openjfx\cache\21+31\amd64\api-ms-win-core-namedpipe-l1-1-0.dll
0x00000197e4fc0000 - 0x00000197e4fc3000 	C:\Users\Admin\.openjfx\cache\21+31\amd64\api-ms-win-core-processenvironment-l1-1-0.dll
0x00000197e4fd0000 - 0x00000197e4fd3000 	C:\Users\Admin\.openjfx\cache\21+31\amd64\api-ms-win-core-processthreads-l1-1-0.dll
0x00000197e4fe0000 - 0x00000197e4fe3000 	C:\Users\Admin\.openjfx\cache\21+31\amd64\api-ms-win-core-processthreads-l1-1-1.dll
0x00000197e4ff0000 - 0x00000197e4ff3000 	C:\Users\Admin\.openjfx\cache\21+31\amd64\api-ms-win-core-profile-l1-1-0.dll
0x00000197ea7d0000 - 0x00000197ea7d3000 	C:\Users\Admin\.openjfx\cache\21+31\amd64\api-ms-win-core-rtlsupport-l1-1-0.dll
0x00000197ea7e0000 - 0x00000197ea7e3000 	C:\Users\Admin\.openjfx\cache\21+31\amd64\api-ms-win-core-string-l1-1-0.dll
0x00000197ea7f0000 - 0x00000197ea7f3000 	C:\Users\Admin\.openjfx\cache\21+31\amd64\api-ms-win-core-synch-l1-1-0.dll
0x00000197ea800000 - 0x00000197ea803000 	C:\Users\Admin\.openjfx\cache\21+31\amd64\api-ms-win-core-synch-l1-2-0.dll
0x00000197ea810000 - 0x00000197ea813000 	C:\Users\Admin\.openjfx\cache\21+31\amd64\api-ms-win-core-sysinfo-l1-1-0.dll
0x00000197ea820000 - 0x00000197ea823000 	C:\Users\Admin\.openjfx\cache\21+31\amd64\api-ms-win-core-timezone-l1-1-0.dll
0x00000197ea830000 - 0x00000197ea833000 	C:\Users\Admin\.openjfx\cache\21+31\amd64\api-ms-win-core-util-l1-1-0.dll
0x00000197ea840000 - 0x00000197ea843000 	C:\Users\Admin\.openjfx\cache\21+31\amd64\api-ms-win-crt-conio-l1-1-0.dll
0x00000197ea850000 - 0x00000197ea854000 	C:\Users\Admin\.openjfx\cache\21+31\amd64\api-ms-win-crt-convert-l1-1-0.dll
0x00000197ea860000 - 0x00000197ea863000 	C:\Users\Admin\.openjfx\cache\21+31\amd64\api-ms-win-crt-environment-l1-1-0.dll
0x00000197ea870000 - 0x00000197ea873000 	C:\Users\Admin\.openjfx\cache\21+31\amd64\api-ms-win-crt-filesystem-l1-1-0.dll
0x00000197ea880000 - 0x00000197ea883000 	C:\Users\Admin\.openjfx\cache\21+31\amd64\api-ms-win-crt-heap-l1-1-0.dll
0x00000197ea890000 - 0x00000197ea893000 	C:\Users\Admin\.openjfx\cache\21+31\amd64\api-ms-win-crt-locale-l1-1-0.dll
0x00000197ea8a0000 - 0x00000197ea8a5000 	C:\Users\Admin\.openjfx\cache\21+31\amd64\api-ms-win-crt-math-l1-1-0.dll
0x00000197ea8b0000 - 0x00000197ea8b5000 	C:\Users\Admin\.openjfx\cache\21+31\amd64\api-ms-win-crt-multibyte-l1-1-0.dll
0x00000197ea8c0000 - 0x00000197ea8d0000 	C:\Users\Admin\.openjfx\cache\21+31\amd64\api-ms-win-crt-private-l1-1-0.dll
0x00000197ea8d0000 - 0x00000197ea8d3000 	C:\Users\Admin\.openjfx\cache\21+31\amd64\api-ms-win-crt-process-l1-1-0.dll
0x00000197ea8e0000 - 0x00000197ea8e4000 	C:\Users\Admin\.openjfx\cache\21+31\amd64\api-ms-win-crt-runtime-l1-1-0.dll
0x00000197ea8f0000 - 0x00000197ea8f4000 	C:\Users\Admin\.openjfx\cache\21+31\amd64\api-ms-win-crt-stdio-l1-1-0.dll
0x00000197ea900000 - 0x00000197ea904000 	C:\Users\Admin\.openjfx\cache\21+31\amd64\api-ms-win-crt-string-l1-1-0.dll
0x00000197ea910000 - 0x00000197ea913000 	C:\Users\Admin\.openjfx\cache\21+31\amd64\api-ms-win-crt-time-l1-1-0.dll
0x00000197ea920000 - 0x00000197ea923000 	C:\Users\Admin\.openjfx\cache\21+31\amd64\api-ms-win-crt-utility-l1-1-0.dll
0x00007ffd37ba0000 - 0x00007ffd37c9c000 	C:\Users\Admin\.openjfx\cache\21+31\amd64\ucrtbase.dll
0x00007ffd46600000 - 0x00007ffd4661b000 	C:\Users\Admin\.openjfx\cache\21+31\amd64\vcruntime140.dll
0x00007ffd465f0000 - 0x00007ffd465fc000 	C:\Users\Admin\.openjfx\cache\21+31\amd64\vcruntime140_1.dll
0x00007ffd443c0000 - 0x00007ffd4444e000 	C:\Users\Admin\.openjfx\cache\21+31\amd64\msvcp140.dll
0x00007ffd50b40000 - 0x00007ffd50ce5000 	C:\WINDOWS\System32\ole32.dll
0x00007ffd456a0000 - 0x00007ffd456a9000 	C:\Users\Admin\.openjfx\cache\21+31\amd64\msvcp140_1.dll
0x00007ffd45670000 - 0x00007ffd4569f000 	C:\Users\Admin\.openjfx\cache\21+31\amd64\msvcp140_2.dll
0x00007ffd45640000 - 0x00007ffd4566f000 	C:\Users\Admin\.openjfx\cache\21+31\amd64\prism_d3d.dll
0x00007ffd128f0000 - 0x00007ffd12a98000 	C:\WINDOWS\system32\d3d9.dll
0x00007ffd4c470000 - 0x00007ffd4c49b000 	C:\WINDOWS\SYSTEM32\dwmapi.dll
0x00007ffd4c130000 - 0x00007ffd4c167000 	C:\WINDOWS\SYSTEM32\dxcore.dll
0x00007ffd4bfe0000 - 0x00007ffd4c091000 	C:\WINDOWS\system32\uxtheme.dll
0x00007ffcf9e90000 - 0x00007ffcfa03d000 	C:\WINDOWS\System32\DriverStore\FileRepository\iigd_dch.inf_amd64_9437e46374342218\igdumdim64.dll
0x00007ffcf18a0000 - 0x00007ffcf4943000 	C:\WINDOWS\System32\DriverStore\FileRepository\iigd_dch.inf_amd64_9437e46374342218\igd9dxva64.dll
0x00007ffd4fd80000 - 0x00007ffd501f4000 	C:\WINDOWS\System32\SETUPAPI.dll
0x00007ffd4ec80000 - 0x00007ffd4ecce000 	C:\WINDOWS\SYSTEM32\cfgmgr32.dll
0x00007ffd32cd0000 - 0x00007ffd330d9000 	C:\WINDOWS\System32\DriverStore\FileRepository\iigd_dch.inf_amd64_9437e46374342218\igdgmm64.dll
0x00007ffd3a420000 - 0x00007ffd3a469000 	C:\WINDOWS\SYSTEM32\directxdatabasehelper.dll
0x00007ffd447d0000 - 0x00007ffd44812000 	C:\Users\Admin\.openjfx\cache\21+31\amd64\glass.dll
0x00007ffd50960000 - 0x00007ffd50a5f000 	C:\WINDOWS\System32\COMDLG32.dll
0x00007ffd502b0000 - 0x00007ffd50410000 	C:\WINDOWS\System32\MSCTF.dll
0x00007ffd1c8d0000 - 0x00007ffd1c8f7000 	C:\WINDOWS\System32\DriverStore\FileRepository\iigd_dch.inf_amd64_9437e46374342218\igdinfo64.dll
0x00007ffd2f180000 - 0x00007ffd32916000 	C:\WINDOWS\System32\DriverStore\FileRepository\iigd_dch.inf_amd64_9437e46374342218\igc64.dll
0x00007ffd4db20000 - 0x00007ffd4dc22000 	C:\WINDOWS\SYSTEM32\DNSAPI.dll
0x00007ffd4dab0000 - 0x00007ffd4dadd000 	C:\WINDOWS\SYSTEM32\IPHLPAPI.DLL
0x00007ffd50830000 - 0x00007ffd50839000 	C:\WINDOWS\System32\NSI.dll
0x00000000514e0000 - 0x0000000051506000 	C:\Program Files\Bonjour\mdnsNSP.dll
0x00007ffd47270000 - 0x00007ffd4727a000 	C:\Windows\System32\rasadhlp.dll
0x00007ffd475c0000 - 0x00007ffd47643000 	C:\WINDOWS\System32\fwpuclnt.dll
0x00007ffd472e0000 - 0x00007ffd472ee000 	C:\Users\Admin\.jdks\corretto-21.0.4\bin\sunmscapi.dll
0x00007ffd4f810000 - 0x00007ffd4f976000 	C:\WINDOWS\System32\CRYPT32.dll
0x00007ffd4e930000 - 0x00007ffd4e95d000 	C:\WINDOWS\SYSTEM32\ncrypt.dll
0x00007ffd4e8f0000 - 0x00007ffd4e927000 	C:\WINDOWS\SYSTEM32\NTASN1.dll
0x00007ffd4e790000 - 0x00007ffd4e7ab000 	C:\WINDOWS\SYSTEM32\CRYPTSP.dll
0x00007ffd4e020000 - 0x00007ffd4e055000 	C:\WINDOWS\system32\rsaenh.dll
0x00007ffd4e630000 - 0x00007ffd4e658000 	C:\WINDOWS\SYSTEM32\USERENV.dll
0x00007ffd4e7b0000 - 0x00007ffd4e7bc000 	C:\WINDOWS\SYSTEM32\CRYPTBASE.dll
0x00007ffd455f0000 - 0x00007ffd45604000 	C:\Users\Admin\.openjfx\cache\21+31\amd64\javafx_font.dll

dbghelp: loaded successfully - version: 4.0.5 - missing functions: none
symbol engine: initialized successfully - sym options: 0x614 - pdb path: .;C:\Users\Admin\.jdks\corretto-21.0.4\bin;C:\WINDOWS\SYSTEM32;C:\WINDOWS\WinSxS\amd64_microsoft.windows.common-controls_6595b64144ccf1df_6.0.22621.4391_none_2715d37f73803e96;C:\Users\Admin\.jdks\corretto-21.0.4\bin\server;C:\Program Files\JetBrains\IntelliJ IDEA Community Edition 2024.2.1\bin;C:\Users\Admin\.openjfx\cache\21+31\amd64;C:\WINDOWS\System32\DriverStore\FileRepository\iigd_dch.inf_amd64_9437e46374342218;C:\WINDOWS\System32\DriverStore\FileRepository\nvdm.inf_amd64_6471f03c03d2b425;C:\Program Files\Bonjour;C:\Program Files\Common Files\Microsoft Shared\Ink;C:\WINDOWS\WinSxS\amd64_microsoft.windows.gdiplus_6595b64144ccf1df_1.1.22621.4455_none_57fc69f8ce16b9dd;C:\Program Files\Microsoft OneDrive\24.211.1020.0001;C:\Program Files (x86)\Common Files\Adobe\CoreSyncExtension

VM Arguments:
jvm_args: -javaagent:C:\Program Files\JetBrains\IntelliJ IDEA Community Edition 2024.2.1\lib\idea_rt.jar=49617:C:\Program Files\JetBrains\IntelliJ IDEA Community Edition 2024.2.1\bin -Dfile.encoding=UTF-8 -Dsun.stdout.encoding=UTF-8 -Dsun.stderr.encoding=UTF-8 --module-path=C:\Users\Admin\.m2\repository\org\kordamp\bootstrapfx\bootstrapfx-core\0.4.0\bootstrapfx-core-0.4.0.jar;C:\Users\Admin\.m2\repository\org\kordamp\ikonli\ikonli-core\12.3.1\ikonli-core-12.3.1.jar;C:\Users\Admin\.m2\repository\org\controlsfx\controlsfx\11.1.2\controlsfx-11.1.2.jar;C:\Users\Admin\.m2\repository\org\openjfx\javafx-fxml\21\javafx-fxml-21-win.jar;C:\Users\Admin\.m2\repository\org\json\json\20240303\json-20240303.jar;C:\Users\Admin\.m2\repository\net\synedra\validatorfx\0.4.0\validatorfx-0.4.0.jar;C:\Users\Admin\.m2\repository\com\dlsc\formsfx\formsfx-core\11.6.0\formsfx-core-11.6.0.jar;C:\Users\Admin\.m2\repository\org\openjfx\javafx-controls\21\javafx-controls-21-win.jar;C:\Users\Admin\.m2\repository\org\openjfx\javafx-base\21\javafx-base-21-win.jar;C:\Users\Admin\.m2\repository\org\openjfx\javafx-graphics\21\javafx-graphics-21-win.jar;C:\UET\Librio\Librio\target\classes;C:\Users\Admin\.m2\repository\com\mysql\mysql-connector-j\8.3.0\mysql-connector-j-8.3.0.jar;C:\Users\Admin\.m2\repository\org\kordamp\ikonli\ikonli-javafx\12.3.1\ikonli-javafx-12.3.1.jar -Djdk.module.main=librio 
java_command: librio/librio.HelloApplication
java_class_path (initial): C:\Users\Admin\.m2\repository\org\openjfx\javafx-controls\21\javafx-controls-21.jar;C:\Users\Admin\.m2\repository\org\openjfx\javafx-graphics\21\javafx-graphics-21.jar;C:\Users\Admin\.m2\repository\org\openjfx\javafx-base\21\javafx-base-21.jar;C:\Users\Admin\.m2\repository\org\openjfx\javafx-fxml\21\javafx-fxml-21.jar;C:\Users\Admin\.m2\repository\com\google\protobuf\protobuf-java\3.25.1\protobuf-java-3.25.1.jar
Launcher Type: SUN_STANDARD

[Global flags]
     intx CICompilerCount                          = 4                                         {product} {ergonomic}
     uint ConcGCThreads                            = 3                                         {product} {ergonomic}
     uint G1ConcRefinementThreads                  = 10                                        {product} {ergonomic}
   size_t G1HeapRegionSize                         = 2097152                                   {product} {ergonomic}
    uintx GCDrainStackTargetSize                   = 64                                        {product} {ergonomic}
   size_t InitialHeapSize                          = 266338304                                 {product} {ergonomic}
   size_t MarkStackSize                            = 4194304                                   {product} {ergonomic}
   size_t MaxHeapSize                              = 4240441344                                {product} {ergonomic}
   size_t MaxNewSize                               = 2543845376                                {product} {ergonomic}
   size_t MinHeapDeltaBytes                        = 2097152                                   {product} {ergonomic}
   size_t MinHeapSize                              = 8388608                                   {product} {ergonomic}
    uintx NonNMethodCodeHeapSize                   = 5839372                                {pd product} {ergonomic}
    uintx NonProfiledCodeHeapSize                  = 122909434                              {pd product} {ergonomic}
    uintx ProfiledCodeHeapSize                     = 122909434                              {pd product} {ergonomic}
    uintx ReservedCodeCacheSize                    = 251658240                              {pd product} {ergonomic}
     bool SegmentedCodeCache                       = true                                      {product} {ergonomic}
   size_t SoftMaxHeapSize                          = 4240441344                             {manageable} {ergonomic}
     bool UseCompressedOops                        = true                           {product lp64_product} {ergonomic}
     bool UseG1GC                                  = true                                      {product} {ergonomic}
     bool UseLargePagesIndividualAllocation        = false                                  {pd product} {ergonomic}

Logging:
Log output configuration:
 #0: stdout all=off uptime,level,tags foldmultilines=false
 #1: stderr all=off uptime,level,tags foldmultilines=false

Environment Variables:
JAVA_HOME=C:\Program Files\Java\jdk-22
PATH=C:\Program Files\Common Files\Oracle\Java\javapath;C:\Program Files (x86)\Common Files\Oracle\Java\javapath;C:\WINDOWS\system32;C:\WINDOWS;C:\WINDOWS\System32\Wbem;C:\WINDOWS\System32\WindowsPowerShell\v1.0\;C:\WINDOWS\System32\OpenSSH\;C:\Program Files\Git\cmd;C:\ProgramData\chocolatey\bin;C:\Program Files (x86)\Windows Kits\10\Windows Performance Toolkit\;C:\UET\library\SDL2-2.30.1\lib\x64;C:\Users\Admin\Downloads\Flappy-Doge-SDL2-main\Flappy-Doge-SDL2-main\res\sdl;C:\msys64\mingw64\bin;C:\Program Files\Java\jdk-22\bin;C:\Users\Admin\AppData\Local\Microsoft\WindowsApps;C:\Users\Admin\AppData\Local\Programs\Microsoft VS Code\bin;C:\Users\Admin\Downloads\Apple-Worm-master (1)\Apple-Worm-master\AppleWorm\library\SDL2-2.30.1\lib\x64;C:\Users\Admin\Downloads\IlMerge;C:\mingw64\bin;;C:\Program Files\JetBrains\IntelliJ IDEA Community Edition 2024.2.1\bin;
USERNAME=Huy Ðinh
OS=Windows_NT
PROCESSOR_IDENTIFIER=Intel64 Family 6 Model 158 Stepping 10, GenuineIntel
TMP=C:\Users\Admin\AppData\Local\Temp
TEMP=C:\Users\Admin\AppData\Local\Temp




Periodic native trim disabled

---------------  S Y S T E M  ---------------

OS:
 Windows 11 , 64 bit Build 22621 (10.0.22621.4391)
OS uptime: 7 days 9:56 hours

CPU: total 12 (initial active 12) (6 cores per cpu, 2 threads per core) family 6 model 158 stepping 10 microcode 0xf8, cx8, cmov, fxsr, ht, mmx, 3dnowpref, sse, sse2, sse3, ssse3, sse4.1, sse4.2, popcnt, lzcnt, tsc, tscinvbit, avx, avx2, aes, erms, clmul, bmi1, bmi2, adx, fma, vzeroupper, clflush, clflushopt, rdtscp, f16c
Processor Information for processor 0
  Max Mhz: 2208, Current Mhz: 2208, Mhz Limit: 2208
Processor Information for processor 1
  Max Mhz: 2208, Current Mhz: 1505, Mhz Limit: 2208
Processor Information for processor 2
  Max Mhz: 2208, Current Mhz: 1505, Mhz Limit: 2208
Processor Information for processor 3
  Max Mhz: 2208, Current Mhz: 1505, Mhz Limit: 2208
Processor Information for processor 4
  Max Mhz: 2208, Current Mhz: 1505, Mhz Limit: 2208
Processor Information for processor 5
  Max Mhz: 2208, Current Mhz: 1505, Mhz Limit: 2208
Processor Information for processor 6
  Max Mhz: 2208, Current Mhz: 1505, Mhz Limit: 2208
Processor Information for processor 7
  Max Mhz: 2208, Current Mhz: 1505, Mhz Limit: 2208
Processor Information for processor 8
  Max Mhz: 2208, Current Mhz: 1505, Mhz Limit: 2208
Processor Information for processor 9
  Max Mhz: 2208, Current Mhz: 1505, Mhz Limit: 2208
Processor Information for processor 10
  Max Mhz: 2208, Current Mhz: 1505, Mhz Limit: 2208
Processor Information for processor 11
  Max Mhz: 2208, Current Mhz: 1505, Mhz Limit: 2208

Memory: 4k page, system-wide physical 16172M (6243M free)
TotalPageFile size 20268M (AvailPageFile size 7415M)
current process WorkingSet (physical memory assigned to process): 1415M, peak: 1421M
current process commit charge ("private bytes"): 1601M, peak: 1619M

vm_info: OpenJDK 64-Bit Server VM (21.0.4+7-LTS) for windows-amd64 JRE (21.0.4+7-LTS), built on 2024-07-10T17:34:29Z by "Administrator" with MS VC++ 16.10 / 16.11 (VS2019)

END.
